{
  "IcoMoonType": "selection",
  "icons": [
    {
      "icon": {
        "paths": [
          "M896 128v832h-672c-53.026 0-96-42.98-96-96s42.974-96 96-96h608v-768h-640c-70.398 0-128 57.6-128 128v768c0 70.4 57.602 128 128 128h768v-896h-64z",
          "M224.056 832v0c-0.018 0.002-0.038 0-0.056 0-17.672 0-32 14.326-32 32s14.328 32 32 32c0.018 0 0.038-0.002 0.056-0.002v0.002h607.89v-64h-607.89z"
        ],
        "attrs": [],
        "isMulticolor": false,
        "isMulticolor2": false,
        "tags": [
          "book",
          "read",
          "reading"
        ],
        "defaultCode": 59679,
        "grid": 16
      },
      "attrs": [],
      "properties": {
        "ligatures": "book, read",
        "name": "book",
        "order": 76,
        "id": 1,
        "prevSize": 32,
        "code": 59679
      },
      "setIdx": 0,
      "setId": 2,
      "iconIdx": 1
    },
    {
      "icon": {
        "paths": [
          "M1024 960v-64h-64v-384h64v-64h-192v64h64v384h-192v-384h64v-64h-192v64h64v384h-192v-384h64v-64h-192v64h64v384h-192v-384h64v-64h-192v64h64v384h-64v64h-64v64h1088v-64h-64z",
          "M512 0h64l512 320v64h-1088v-64l512-320z"
        ],
        "width": 1088,
        "attrs": [],
        "isMulticolor": false,
        "isMulticolor2": false,
        "tags": [
          "library",
          "bank",
          "building"
        ],
        "defaultCode": 59681,
        "grid": 16
      },
      "attrs": [],
      "properties": {
        "ligatures": "library2, bank",
        "name": "library",
        "order": 81,
        "id": 2,
        "prevSize": 32,
        "code": 59681
      },
      "setIdx": 0,
      "setId": 2,
      "iconIdx": 2
    },
    {
      "icon": {
        "paths": [
          "M704 640c-64 64-64 128-128 128s-128-64-192-128-128-128-128-192 64-64 128-128-128-256-192-256-192 192-192 192c0 128 131.5 387.5 256 512s384 256 512 256c0 0 192-128 192-192s-192-256-256-192z"
        ],
        "attrs": [],
        "isMulticolor": false,
        "isMulticolor2": false,
        "tags": [
          "phone",
          "telephone",
          "contact",
          "support",
          "call"
        ],
        "defaultCode": 59714,
        "grid": 16
      },
      "attrs": [],
      "properties": {
        "ligatures": "phone, telephone",
        "name": "phone",
        "order": 4,
        "id": 4,
        "prevSize": 32,
        "code": 59714
      },
      "setIdx": 0,
      "setId": 2,
      "iconIdx": 4
    },
    {
      "icon": {
        "paths": [
          "M928 128h-832c-52.8 0-96 43.2-96 96v640c0 52.8 43.2 96 96 96h832c52.8 0 96-43.2 96-96v-640c0-52.8-43.2-96-96-96zM398.74 550.372l-270.74 210.892v-501.642l270.74 290.75zM176.38 256h671.24l-335.62 252-335.62-252zM409.288 561.698l102.712 110.302 102.71-110.302 210.554 270.302h-626.528l210.552-270.302zM625.26 550.372l270.74-290.75v501.642l-270.74-210.892z"
        ],
        "attrs": [],
        "isMulticolor": false,
        "isMulticolor2": false,
        "tags": [
          "envelop",
          "mail",
          "email",
          "contact",
          "letter"
        ],
        "defaultCode": 59717,
        "grid": 16
      },
      "attrs": [],
      "properties": {
        "ligatures": "envelop, mail",
        "name": "envelop",
        "order": 3,
        "id": 5,
        "prevSize": 32,
        "code": 59717
      },
      "setIdx": 0,
      "setId": 2,
      "iconIdx": 5
    },
    {
      "icon": {
        "paths": [
          "M512 0c-176.732 0-320 143.268-320 320 0 320 320 704 320 704s320-384 320-704c0-176.732-143.27-320-320-320zM512 512c-106.040 0-192-85.96-192-192s85.96-192 192-192 192 85.96 192 192-85.96 192-192 192z"
        ],
        "attrs": [],
        "isMulticolor": false,
        "isMulticolor2": false,
        "tags": [
          "location",
          "map-marker",
          "pin"
        ],
        "defaultCode": 59719,
        "grid": 16
      },
      "attrs": [],
      "properties": {
        "ligatures": "location, map-marker",
        "name": "location",
        "order": 2,
        "id": 6,
        "prevSize": 32,
        "code": 59719
      },
      "setIdx": 0,
      "setId": 2,
      "iconIdx": 6
    },
    {
      "icon": {
        "paths": [
          "M1088 901.166c0 45.5 26.028 84.908 64 104.184v15.938c-10.626 1.454-21.472 2.224-32.5 2.224-68.008 0-129.348-28.528-172.722-74.264-26.222 6.982-54.002 10.752-82.778 10.752-159.058 0-288-114.616-288-256s128.942-256 288-256c159.058 0 288 114.616 288 256 0 55.348-19.764 106.592-53.356 148.466-6.824 14.824-10.644 31.312-10.644 48.7zM512 0c278.458 0 504.992 180.614 511.836 405.52-49.182-21.92-103.586-33.52-159.836-33.52-95.56 0-185.816 33.446-254.138 94.178-70.846 62.972-109.862 147.434-109.862 237.822 0 44.672 9.544 87.888 27.736 127.788-5.228 0.126-10.468 0.212-15.736 0.212-27.156 0-53.81-1.734-79.824-5.044-109.978 109.978-241.25 129.7-368.176 132.596v-26.916c68.536-33.578 128-94.74 128-164.636 0-9.754-0.758-19.33-2.164-28.696-115.796-76.264-189.836-192.754-189.836-323.304 0-229.75 229.23-416 512-416z"
        ],
        "width": 1152,
        "attrs": [],
        "isMulticolor": false,
        "isMulticolor2": false,
        "tags": [
          "bubbles",
          "comments",
          "chat",
          "talk"
        ],
        "defaultCode": 59756,
        "grid": 16
      },
      "attrs": [],
      "properties": {
        "ligatures": "bubbles, comments",
        "name": "bubbles",
        "order": 75,
        "id": 7,
        "prevSize": 32,
        "code": 59756
      },
      "setIdx": 0,
      "setId": 2,
      "iconIdx": 7
    },
    {
      "icon": {
        "paths": [
          "M800 640c-123.712 0-224-100.29-224-224 0-123.712 100.288-224 224-224s224 100.288 224 224l1 32c0 247.424-200.576 448-448 448v-128c85.474 0 165.834-33.286 226.274-93.726 11.634-11.636 22.252-24.016 31.83-37.020-11.438 1.8-23.16 2.746-35.104 2.746zM224 640c-123.71 0-224-100.29-224-224 0-123.712 100.29-224 224-224s224 100.288 224 224l1 32c0 247.424-200.576 448-448 448v-128c85.474 0 165.834-33.286 226.274-93.726 11.636-11.636 22.254-24.016 31.832-37.020-11.44 1.8-23.16 2.746-35.106 2.746z"
        ],
        "attrs": [],
        "isMulticolor": false,
        "isMulticolor2": false,
        "tags": [
          "quotes-right",
          "rdquo"
        ],
        "defaultCode": 59768,
        "grid": 16
      },
      "attrs": [],
      "properties": {
        "ligatures": "quotes-right, rdquo",
        "name": "quotes-right",
        "order": 84,
        "id": 8,
        "prevSize": 32,
        "code": 59768
      },
      "setIdx": 0,
      "setId": 2,
      "iconIdx": 8
    },
    {
      "icon": {
        "paths": [
          "M1002.934 817.876l-460.552-394.76c21.448-40.298 33.618-86.282 33.618-135.116 0-159.058-128.942-288-288-288-29.094 0-57.172 4.332-83.646 12.354l166.39 166.39c24.89 24.89 24.89 65.62 0 90.51l-101.49 101.49c-24.89 24.89-65.62 24.89-90.51 0l-166.39-166.39c-8.022 26.474-12.354 54.552-12.354 83.646 0 159.058 128.942 288 288 288 48.834 0 94.818-12.17 135.116-33.62l394.76 460.552c22.908 26.724 62.016 28.226 86.904 3.338l101.492-101.492c24.888-24.888 23.386-63.994-3.338-86.902z"
        ],
        "attrs": [],
        "isMulticolor": false,
        "isMulticolor2": false,
        "tags": [
          "wrench",
          "tool",
          "fix",
          "settings",
          "control",
          "options",
          "preferences"
        ],
        "defaultCode": 59793,
        "grid": 16
      },
      "attrs": [],
      "properties": {
        "ligatures": "wrench, tool",
        "name": "wrench",
        "order": 90,
        "id": 9,
        "prevSize": 32,
        "code": 59793
      },
      "setIdx": 0,
      "setId": 2,
      "iconIdx": 9
    },
    {
      "icon": {
        "paths": [
          "M832 192v-128h-640v128h-192v128c0 106.038 85.958 192 192 192 20.076 0 39.43-3.086 57.62-8.802 46.174 66.008 116.608 113.796 198.38 130.396v198.406h-64c-70.694 0-128 57.306-128 128h512c0-70.694-57.306-128-128-128h-64v-198.406c81.772-16.6 152.206-64.386 198.38-130.396 18.19 5.716 37.544 8.802 57.62 8.802 106.042 0 192-85.962 192-192v-128h-192zM192 436c-63.962 0-116-52.038-116-116v-64h116v64c0 40.186 7.43 78.632 20.954 114.068-6.802 1.246-13.798 1.932-20.954 1.932zM948 320c0 63.962-52.038 116-116 116-7.156 0-14.152-0.686-20.954-1.932 13.524-35.436 20.954-73.882 20.954-114.068v-64h116v64z"
        ],
        "attrs": [],
        "isMulticolor": false,
        "isMulticolor2": false,
        "tags": [
          "trophy",
          "cup",
          "prize",
          "award",
          "winner",
          "tournament"
        ],
        "defaultCode": 59806,
        "grid": 16
      },
      "attrs": [],
      "properties": {
        "ligatures": "trophy, cup",
        "name": "trophy",
        "order": 74,
        "id": 10,
        "prevSize": 32,
        "code": 59806
      },
      "setIdx": 0,
      "setId": 2,
      "iconIdx": 10
    },
    {
      "icon": {
        "paths": [
          "M960 256h-256v-64c0-35.2-28.8-64-64-64h-256c-35.204 0-64 28.8-64 64v64h-256c-35.2 0-64 28.8-64 64v576c0 35.202 28.796 64 64 64h896c35.2 0 64-28.798 64-64v-576c0-35.2-28.8-64-64-64zM384 192.116c0.034-0.040 0.074-0.082 0.114-0.116h255.772c0.042 0.034 0.082 0.076 0.118 0.116v63.884h-256.004v-63.884zM960 512h-128v96c0 17.602-14.4 32-32 32h-64c-17.604 0-32-14.398-32-32v-96h-384v96c0 17.602-14.4 32-32 32h-64c-17.602 0-32-14.398-32-32v-96h-128v-64h896v64z"
        ],
        "attrs": [],
        "isMulticolor": false,
        "isMulticolor2": false,
        "tags": [
          "briefcase",
          "portfolio",
          "suitcase",
          "work",
          "job",
          "employee"
        ],
        "defaultCode": 59822,
        "grid": 16
      },
      "attrs": [],
      "properties": {
        "ligatures": "briefcase, portfolio",
        "name": "briefcase",
        "order": 72,
        "id": 11,
        "prevSize": 32,
        "code": 59822
      },
      "setIdx": 0,
      "setId": 2,
      "iconIdx": 11
    },
    {
      "icon": {
        "paths": [
          "M512 0c-282.77 0-512 229.23-512 512s229.23 512 512 512 512-229.23 512-512-229.23-512-512-512zM512 960.002c-62.958 0-122.872-13.012-177.23-36.452l233.148-262.29c5.206-5.858 8.082-13.422 8.082-21.26v-96c0-17.674-14.326-32-32-32-112.99 0-232.204-117.462-233.374-118.626-6-6.002-14.14-9.374-22.626-9.374h-128c-17.672 0-32 14.328-32 32v192c0 12.122 6.848 23.202 17.69 28.622l110.31 55.156v187.886c-116.052-80.956-192-215.432-192-367.664 0-68.714 15.49-133.806 43.138-192h116.862c8.488 0 16.626-3.372 22.628-9.372l128-128c6-6.002 9.372-14.14 9.372-22.628v-77.412c40.562-12.074 83.518-18.588 128-18.588 70.406 0 137.004 16.26 196.282 45.2-4.144 3.502-8.176 7.164-12.046 11.036-36.266 36.264-56.236 84.478-56.236 135.764s19.97 99.5 56.236 135.764c36.434 36.432 85.218 56.264 135.634 56.26 3.166 0 6.342-0.080 9.518-0.236 13.814 51.802 38.752 186.656-8.404 372.334-0.444 1.744-0.696 3.488-0.842 5.224-81.324 83.080-194.7 134.656-320.142 134.656z"
        ],
        "attrs": [],
        "isMulticolor": false,
        "isMulticolor2": false,
        "tags": [
          "earth",
          "globe",
          "language",
          "web",
          "internet",
          "sphere",
          "planet"
        ],
        "defaultCode": 59850,
        "grid": 16
      },
      "attrs": [],
      "properties": {
        "ligatures": "earth, globe2",
        "name": "earth",
        "order": 88,
        "id": 12,
        "prevSize": 32,
        "code": 59850
      },
      "setIdx": 0,
      "setId": 2,
      "iconIdx": 12
    },
    {
      "icon": {
        "paths": [
          "M440.236 635.766c-13.31 0-26.616-5.076-36.77-15.23-95.134-95.136-95.134-249.934 0-345.070l192-192c46.088-46.086 107.36-71.466 172.534-71.466s126.448 25.38 172.536 71.464c95.132 95.136 95.132 249.934 0 345.070l-87.766 87.766c-20.308 20.308-53.23 20.308-73.54 0-20.306-20.306-20.306-53.232 0-73.54l87.766-87.766c54.584-54.586 54.584-143.404 0-197.99-26.442-26.442-61.6-41.004-98.996-41.004s-72.552 14.562-98.996 41.006l-192 191.998c-54.586 54.586-54.586 143.406 0 197.992 20.308 20.306 20.306 53.232 0 73.54-10.15 10.152-23.462 15.23-36.768 15.23z",
          "M256 1012c-65.176 0-126.45-25.38-172.534-71.464-95.134-95.136-95.134-249.934 0-345.070l87.764-87.764c20.308-20.306 53.234-20.306 73.54 0 20.308 20.306 20.308 53.232 0 73.54l-87.764 87.764c-54.586 54.586-54.586 143.406 0 197.992 26.44 26.44 61.598 41.002 98.994 41.002s72.552-14.562 98.998-41.006l192-191.998c54.584-54.586 54.584-143.406 0-197.992-20.308-20.308-20.306-53.232 0-73.54 20.306-20.306 53.232-20.306 73.54 0.002 95.132 95.134 95.132 249.932 0.002 345.068l-192.002 192c-46.090 46.088-107.364 71.466-172.538 71.466z"
        ],
        "attrs": [],
        "isMulticolor": false,
        "isMulticolor2": false,
        "tags": [
          "link",
          "chain",
          "url",
          "uri",
          "anchor"
        ],
        "defaultCode": 59851,
        "grid": 16
      },
      "attrs": [],
      "properties": {
        "ligatures": "link, chain",
        "name": "link",
        "order": 68,
        "id": 13,
        "prevSize": 32,
        "code": 59851
      },
      "setIdx": 0,
      "setId": 2,
      "iconIdx": 13
    },
    {
      "icon": {
        "paths": [
          "M1024 397.050l-353.78-51.408-158.22-320.582-158.216 320.582-353.784 51.408 256 249.538-60.432 352.352 316.432-166.358 316.432 166.358-60.434-352.352 256.002-249.538zM512 753.498l-223.462 117.48 42.676-248.83-180.786-176.222 249.84-36.304 111.732-226.396 111.736 226.396 249.836 36.304-180.788 176.222 42.678 248.83-223.462-117.48z"
        ],
        "attrs": [],
        "isMulticolor": false,
        "isMulticolor2": false,
        "tags": [
          "star-empty",
          "rate",
          "star",
          "favorite",
          "bookmark"
        ],
        "defaultCode": 59863,
        "grid": 16
      },
      "attrs": [],
      "properties": {
        "ligatures": "star-empty, rate",
        "name": "star-empty",
        "order": 69,
        "id": 14,
        "prevSize": 32,
        "code": 59863
      },
      "setIdx": 0,
      "setId": 2,
      "iconIdx": 14
    },
    {
      "icon": {
        "paths": [
          "M1024 397.050l-353.78-51.408-158.22-320.582-158.216 320.582-353.784 51.408 256 249.538-60.432 352.352 316.432-166.358 316.432 166.358-60.434-352.352 256.002-249.538zM512 753.498l-0.942 0.496 0.942-570.768 111.736 226.396 249.836 36.304-180.788 176.222 42.678 248.83-223.462-117.48z"
        ],
        "attrs": [],
        "isMulticolor": false,
        "isMulticolor2": false,
        "tags": [
          "star-half",
          "rate",
          "star"
        ],
        "defaultCode": 59864,
        "grid": 16
      },
      "attrs": [],
      "properties": {
        "ligatures": "star-half, rate2",
        "name": "star-half",
        "order": 70,
        "id": 15,
        "prevSize": 32,
        "code": 59864
      },
      "setIdx": 0,
      "setId": 2,
      "iconIdx": 15
    },
    {
      "icon": {
        "paths": [
          "M1024 397.050l-353.78-51.408-158.22-320.582-158.216 320.582-353.784 51.408 256 249.538-60.432 352.352 316.432-166.358 316.432 166.358-60.434-352.352 256.002-249.538z"
        ],
        "attrs": [],
        "isMulticolor": false,
        "isMulticolor2": false,
        "tags": [
          "star-full",
          "rate",
          "star",
          "favorite",
          "bookmark"
        ],
        "defaultCode": 59865,
        "grid": 16
      },
      "attrs": [],
      "properties": {
        "ligatures": "star-full, rate3",
        "name": "star-full",
        "order": 71,
        "id": 16,
        "prevSize": 32,
        "code": 59865
      },
      "setIdx": 0,
      "setId": 2,
      "iconIdx": 16
    },
    {
      "icon": {
        "paths": [
          "M755.188 64c-107.63 0-200.258 87.554-243.164 179-42.938-91.444-135.578-179-243.216-179-148.382 0-268.808 120.44-268.808 268.832 0 301.846 304.5 380.994 512.022 679.418 196.154-296.576 511.978-387.206 511.978-679.418 0-148.392-120.43-268.832-268.812-268.832z"
        ],
        "attrs": [],
        "isMulticolor": false,
        "isMulticolor2": false,
        "tags": [
          "heart",
          "like",
          "love",
          "favorite"
        ],
        "defaultCode": 59866,
        "grid": 16
      },
      "attrs": [],
      "properties": {
        "ligatures": "heart, like",
        "name": "heart",
        "order": 4,
        "id": 17,
        "prevSize": 32,
        "code": 59866
      },
      "setIdx": 0,
      "setId": 2,
      "iconIdx": 17
    },
    {
      "icon": {
        "paths": [
          "M192 64v768h768v-768h-768zM896 768h-640v-640h640v640zM128 896v-672l-64-64v800h800l-64-64h-672z",
          "M352 256l160 160-192 192 96 96 192-192 160 160v-416z"
        ],
        "attrs": [],
        "isMulticolor": false,
        "isMulticolor2": false,
        "tags": [
          "new-tab",
          "out",
          "external",
          "outside",
          "popout",
          "link",
          "blank"
        ],
        "defaultCode": 60030,
        "grid": 16
      },
      "attrs": [],
      "properties": {
        "ligatures": "new-tab, out2",
        "name": "new-tab",
        "order": 92,
        "id": 18,
        "prevSize": 32,
        "code": 60030
      },
      "setIdx": 0,
      "setId": 2,
      "iconIdx": 18
    },
    {
      "icon": {
        "paths": [
          "M925.6 885.2c-112.2 82.8-274.6 126.8-414.6 126.8-196.2 0-372.8-72.4-506.4-193.2-10.4-9.4-1.2-22.4 11.4-15 144.2 84 322.6 134.4 506.8 134.4 124.2 0 260.8-25.8 386.6-79.2 18.8-8 34.8 12.6 16.2 26.2z",
          "M972.2 832c-14.4-18.4-94.8-8.8-131-4.4-11 1.2-12.6-8.2-2.8-15.2 64.2-45 169.4-32 181.6-17 12.4 15.2-3.2 120.6-63.4 171-9.2 7.8-18 3.6-14-6.6 13.8-33.8 44-109.4 29.6-127.8z",
          "M707.4 757.6l0.2 0.2c24.8-21.8 69.4-60.8 94.6-81.8 10-8 8.2-21.4 0.4-32.6-22.6-31.2-46.6-56.6-46.6-114.2v-192c0-81.4 5.6-156-54.2-212-47.2-45.2-125.6-61.2-185.6-61.2-117.2 0-248 43.8-275.4 188.6-3 15.4 8.4 23.6 18.4 25.8l119.4 13c11.2-0.6 19.2-11.6 21.4-22.8 10.2-49.8 52-74 99-74 25.4 0 54.2 9.2 69.2 32 17.2 25.4 15 60 15 89.4v16c-71.4 8-164.8 13.2-231.6 42.6-77.2 33.4-131.4 101.4-131.4 201.4 0 128 80.6 192 184.4 192 87.6 0 135.4-20.6 203-89.8 22.4 32.4 29.6 48.2 70.6 82.2 9.4 5 21 4.6 29.2-2.8zM583.2 457.2c0 48 1.2 88-23 130.6-19.6 34.8-50.6 56-85.2 56-47.2 0-74.8-36-74.8-89.2 0-105 94.2-124 183.2-124v26.6z"
        ],
        "attrs": [],
        "isMulticolor": false,
        "isMulticolor2": false,
        "tags": [
          "amazon",
          "brand"
        ],
        "defaultCode": 60039,
        "grid": 16
      },
      "attrs": [],
      "properties": {
        "name": "amazon",
        "ligatures": "amazon, brand",
        "order": 61,
        "id": 19,
        "prevSize": 32,
        "code": 60039
      },
      "setIdx": 0,
      "setId": 2,
      "iconIdx": 19
    },
    {
      "icon": {
        "paths": [
          "M522.2 438.8v175.6h290.4c-11.8 75.4-87.8 220.8-290.4 220.8-174.8 0-317.4-144.8-317.4-323.2s142.6-323.2 317.4-323.2c99.4 0 166 42.4 204 79l139-133.8c-89.2-83.6-204.8-134-343-134-283 0-512 229-512 512s229 512 512 512c295.4 0 491.6-207.8 491.6-500.2 0-33.6-3.6-59.2-8-84.8l-483.6-0.2z"
        ],
        "attrs": [],
        "isMulticolor": false,
        "isMulticolor2": false,
        "tags": [
          "google",
          "brand"
        ],
        "defaultCode": 60040,
        "grid": 16
      },
      "attrs": [],
      "properties": {
        "name": "google",
        "ligatures": "google, brand2",
        "order": 10,
        "id": 20,
        "prevSize": 32,
        "code": 60040
      },
      "setIdx": 0,
      "setId": 2,
      "iconIdx": 20
    },
    {
      "icon": {
        "paths": [
          "M325.8 457.4v111.8h184.8c-7.4 48-55.8 140.6-184.8 140.6-111.2 0-202-92.2-202-205.8s90.8-205.8 202-205.8c63.4 0 105.6 27 129.8 50.2l88.4-85.2c-56.8-53-130.4-85.2-218.2-85.2-180.2 0.2-325.8 145.8-325.8 326s145.6 325.8 325.8 325.8c188 0 312.8-132.2 312.8-318.4 0-21.4-2.4-37.8-5.2-54h-307.6z",
          "M1024 448h-96v-96h-96v96h-96v96h96v96h96v-96h96z"
        ],
        "attrs": [],
        "isMulticolor": false,
        "isMulticolor2": false,
        "tags": [
          "google-plus",
          "brand",
          "social"
        ],
        "defaultCode": 60043,
        "grid": 16
      },
      "attrs": [],
      "properties": {
        "ligatures": "google-plus, brand5",
        "name": "google-plus",
        "order": 52,
        "id": 21,
        "prevSize": 32,
        "code": 60043
      },
      "setIdx": 0,
      "setId": 2,
      "iconIdx": 21
    },
    {
      "icon": {
        "paths": [
          "M438 640l-184.6 320h580.6l184.6-320z",
          "M992.4 576l-295.6-512h-369.6l295.6 512z",
          "M290.2 128l-290.2 502.8 184.8 320 290.2-502.8z"
        ],
        "attrs": [],
        "isMulticolor": false,
        "isMulticolor2": false,
        "tags": [
          "google-drive",
          "brand"
        ],
        "defaultCode": 60047,
        "grid": 16
      },
      "attrs": [],
      "properties": {
        "ligatures": "google-drive, brand9",
        "name": "google-drive",
        "order": 65,
        "id": 22,
        "prevSize": 32,
        "code": 60047
      },
      "setIdx": 0,
      "setId": 2,
      "iconIdx": 22
    },
    {
      "icon": {
        "paths": [
          "M608 192h160v-192h-160c-123.514 0-224 100.486-224 224v96h-128v192h128v512h192v-512h160l32-192h-192v-96c0-17.346 14.654-32 32-32z"
        ],
        "attrs": [],
        "isMulticolor": false,
        "isMulticolor2": false,
        "tags": [
          "facebook",
          "brand",
          "social"
        ],
        "defaultCode": 60048,
        "grid": 16
      },
      "attrs": [],
      "properties": {
        "ligatures": "facebook, brand10",
        "name": "facebook",
        "order": 11,
        "id": 23,
        "prevSize": 32,
        "code": 60048
      },
      "setIdx": 0,
      "setId": 2,
      "iconIdx": 23
    },
    {
      "icon": {
        "paths": [
          "M512 92.2c136.8 0 153 0.6 206.8 3 50 2.2 77 10.6 95 17.6 23.8 9.2 41 20.4 58.8 38.2 18 18 29 35 38.4 58.8 7 18 15.4 45.2 17.6 95 2.4 54 3 70.2 3 206.8s-0.6 153-3 206.8c-2.2 50-10.6 77-17.6 95-9.2 23.8-20.4 41-38.2 58.8-18 18-35 29-58.8 38.4-18 7-45.2 15.4-95 17.6-54 2.4-70.2 3-206.8 3s-153-0.6-206.8-3c-50-2.2-77-10.6-95-17.6-23.8-9.2-41-20.4-58.8-38.2-18-18-29-35-38.4-58.8-7-18-15.4-45.2-17.6-95-2.4-54-3-70.2-3-206.8s0.6-153 3-206.8c2.2-50 10.6-77 17.6-95 9.2-23.8 20.4-41 38.2-58.8 18-18 35-29 58.8-38.4 18-7 45.2-15.4 95-17.6 53.8-2.4 70-3 206.8-3zM512 0c-139 0-156.4 0.6-211 3-54.4 2.4-91.8 11.2-124.2 23.8-33.8 13.2-62.4 30.6-90.8 59.2-28.6 28.4-46 57-59.2 90.6-12.6 32.6-21.4 69.8-23.8 124.2-2.4 54.8-3 72.2-3 211.2s0.6 156.4 3 211c2.4 54.4 11.2 91.8 23.8 124.2 13.2 33.8 30.6 62.4 59.2 90.8 28.4 28.4 57 46 90.6 59 32.6 12.6 69.8 21.4 124.2 23.8 54.6 2.4 72 3 211 3s156.4-0.6 211-3c54.4-2.4 91.8-11.2 124.2-23.8 33.6-13 62.2-30.6 90.6-59s46-57 59-90.6c12.6-32.6 21.4-69.8 23.8-124.2 2.4-54.6 3-72 3-211s-0.6-156.4-3-211c-2.4-54.4-11.2-91.8-23.8-124.2-12.6-34-30-62.6-58.6-91-28.4-28.4-57-46-90.6-59-32.6-12.6-69.8-21.4-124.2-23.8-54.8-2.6-72.2-3.2-211.2-3.2v0z",
          "M512 249c-145.2 0-263 117.8-263 263s117.8 263 263 263 263-117.8 263-263c0-145.2-117.8-263-263-263zM512 682.6c-94.2 0-170.6-76.4-170.6-170.6s76.4-170.6 170.6-170.6c94.2 0 170.6 76.4 170.6 170.6s-76.4 170.6-170.6 170.6z",
          "M846.8 238.6c0 33.91-27.49 61.4-61.4 61.4s-61.4-27.49-61.4-61.4c0-33.91 27.49-61.4 61.4-61.4s61.4 27.49 61.4 61.4z"
        ],
        "attrs": [],
        "isMulticolor": false,
        "isMulticolor2": false,
        "tags": [
          "instagram",
          "brand",
          "social"
        ],
        "defaultCode": 60050,
        "grid": 16
      },
      "attrs": [],
      "properties": {
        "ligatures": "instagram, brand12",
        "name": "instagram",
        "order": 12,
        "id": 24,
        "prevSize": 32,
        "code": 60050
      },
      "setIdx": 0,
      "setId": 2,
      "iconIdx": 24
    },
    {
      "icon": {
        "paths": [
          "M873 148.8c-95.8-96-223.2-148.8-359-148.8-279.6 0-507.2 227.6-507.2 507.4 0 89.4 23.4 176.8 67.8 253.6l-72 263 269-70.6c74.2 40.4 157.6 61.8 242.4 61.8h0.2c0 0 0 0 0 0 279.6 0 507.4-227.6 507.4-507.4 0-135.6-52.8-263-148.6-359zM514.2 929.6v0c-75.8 0-150-20.4-214.8-58.8l-15.4-9.2-159.6 41.8 42.6-155.6-10-16c-42.4-67-64.6-144.6-64.6-224.4 0-232.6 189.2-421.8 422-421.8 112.6 0 218.6 44 298.2 123.6 79.6 79.8 123.4 185.6 123.4 298.4-0.2 232.8-189.4 422-421.8 422zM745.4 613.6c-12.6-6.4-75-37-86.6-41.2s-20-6.4-28.6 6.4c-8.4 12.6-32.8 41.2-40.2 49.8-7.4 8.4-14.8 9.6-27.4 3.2s-53.6-19.8-102-63c-37.6-33.6-63.2-75.2-70.6-87.8s-0.8-19.6 5.6-25.8c5.8-5.6 12.6-14.8 19-22.2s8.4-12.6 12.6-21.2c4.2-8.4 2.2-15.8-1-22.2s-28.6-68.8-39-94.2c-10.2-24.8-20.8-21.4-28.6-21.8-7.4-0.4-15.8-0.4-24.2-0.4s-22.2 3.2-33.8 15.8c-11.6 12.6-44.4 43.4-44.4 105.8s45.4 122.6 51.8 131.2c6.4 8.4 89.4 136.6 216.6 191.4 30.2 13 53.8 20.8 72.2 26.8 30.4 9.6 58 8.2 79.8 5 24.4-3.6 75-30.6 85.6-60.2s10.6-55 7.4-60.2c-3-5.6-11.4-8.8-24.2-15.2z"
        ],
        "attrs": [],
        "isMulticolor": false,
        "isMulticolor2": false,
        "tags": [
          "whatsapp",
          "brand",
          "social"
        ],
        "defaultCode": 60051,
        "grid": 16
      },
      "attrs": [],
      "properties": {
        "name": "whatsapp",
        "ligatures": "whatsapp, brand13",
        "order": 53,
        "id": 25,
        "prevSize": 32,
        "code": 60051
      },
      "setIdx": 0,
      "setId": 2,
      "iconIdx": 25
    },
    {
      "icon": {
        "paths": [
          "M512 0c-281.6 0-512 230.4-512 512s230.4 512 512 512 512-230.4 512-512-227.8-512-512-512zM747.6 739.8c-10.2 15.4-28.2 20.4-43.6 10.2-120.4-74.2-271.4-89.6-450.6-48.6-18 5.2-33.2-7.6-38.4-23-5.2-18 7.6-33.2 23-38.4 194.6-43.6 363.6-25.6 496.6 56.4 18 7.6 20.6 28 13 43.4zM809 599c-12.8 18-35.8 25.6-53.8 12.8-138.2-84.4-348.2-110-509.4-58.8-20.4 5.2-43.6-5.2-48.6-25.6-5.2-20.4 5.2-43.6 25.6-48.6 186.8-56.4 417.2-28.2 576 69.2 15.2 7.6 23 33.2 10.2 51zM814 455.6c-163.8-97.2-437.8-107.6-594-58.8-25.6 7.6-51.2-7.6-58.8-30.8-7.6-25.6 7.6-51.2 30.8-58.8 181.8-53.8 481.2-43.6 670.8 69.2 23 12.8 30.8 43.6 18 66.6-13 17.8-43.6 25.4-66.8 12.6z"
        ],
        "attrs": [],
        "isMulticolor": false,
        "isMulticolor2": false,
        "tags": [
          "spotify",
          "brand",
          "social"
        ],
        "defaultCode": 60052,
        "grid": 16
      },
      "attrs": [],
      "properties": {
        "name": "spotify",
        "ligatures": "spotify, brand14",
        "order": 13,
        "id": 26,
        "prevSize": 32,
        "code": 60052
      },
      "setIdx": 0,
      "setId": 2,
      "iconIdx": 26
    },
    {
      "icon": {
        "paths": [
          "M512 0c-282.8 0-512 229.2-512 512s229.2 512 512 512 512-229.2 512-512-229.2-512-512-512zM763.6 351l-84 395.8c-5.8 28.2-22.8 34.8-46.4 21.8l-128-94.6-61.4 59.8c-7.2 7-12.8 12.8-25.6 12.8-16.6 0-13.8-6.2-19.4-22l-43.6-143.2-126.6-39.4c-27.4-8.4-27.6-27.2 6.2-40.6l493.2-190.4c22.4-10.2 44.2 5.4 35.6 40z"
        ],
        "attrs": [],
        "isMulticolor": false,
        "isMulticolor2": false,
        "tags": [
          "telegram",
          "brand",
          "social"
        ],
        "defaultCode": 60053,
        "grid": 16
      },
      "attrs": [],
      "properties": {
        "name": "telegram",
        "ligatures": "telegram, brand15",
        "order": 54,
        "id": 27,
        "prevSize": 32,
        "code": 60053
      },
      "setIdx": 0,
      "setId": 2,
      "iconIdx": 27
    },
    {
      "icon": {
        "paths": [
          "M1024 226.4c-37.6 16.8-78.2 28-120.6 33 43.4-26 76.6-67.2 92.4-116.2-40.6 24-85.6 41.6-133.4 51-38.4-40.8-93-66.2-153.4-66.2-116 0-210 94-210 210 0 16.4 1.8 32.4 5.4 47.8-174.6-8.8-329.4-92.4-433-219.6-18 31-28.4 67.2-28.4 105.6 0 72.8 37 137.2 93.4 174.8-34.4-1-66.8-10.6-95.2-26.2 0 0.8 0 1.8 0 2.6 0 101.8 72.4 186.8 168.6 206-17.6 4.8-36.2 7.4-55.4 7.4-13.6 0-26.6-1.4-39.6-3.8 26.8 83.4 104.4 144.2 196.2 146-72 56.4-162.4 90-261 90-17 0-33.6-1-50.2-3 93.2 59.8 203.6 94.4 322.2 94.4 386.4 0 597.8-320.2 597.8-597.8 0-9.2-0.2-18.2-0.6-27.2 41-29.4 76.6-66.4 104.8-108.6z"
        ],
        "attrs": [],
        "isMulticolor": false,
        "isMulticolor2": false,
        "tags": [
          "twitter",
          "brand",
          "tweet",
          "social"
        ],
        "defaultCode": 60054,
        "grid": 16
      },
      "attrs": [],
      "properties": {
        "ligatures": "twitter, brand16",
        "name": "twitter",
        "order": 14,
        "id": 28,
        "prevSize": 32,
        "code": 60054
      },
      "setIdx": 0,
      "setId": 2,
      "iconIdx": 28
    },
    {
      "icon": {
        "paths": [
          "M960.8 509c-26.4 6-51.8 8.8-74.8 8.8-129.2 0-228.6-90.2-228.6-247.2 0-77 29.8-116.8 71.8-116.8 40 0 66.6 35.8 66.6 108.6 0 41.4-11 86.8-19.2 113.6 0 0 39.8 69.4 148.6 48.2 23.2-51.4 35.6-117.8 35.6-176 0-156.8-80-248.2-226.6-248.2-150.8 0-239 115.8-239 268.6 0 151.4 70.8 281.2 187.4 340.4-49 98.2-111.4 184.6-176.6 249.8-118-142.8-224.8-333.2-268.6-705h-174.2c80.6 619.2 320.4 816.4 384 854.2 35.8 21.6 66.8 20.6 99.6 2 51.6-29.2 206.2-184 292-365 36 0 79.2-4.2 122.2-14v-122z"
        ],
        "attrs": [],
        "isMulticolor": false,
        "isMulticolor2": false,
        "tags": [
          "vine",
          "brand",
          "social"
        ],
        "defaultCode": 60055,
        "grid": 16
      },
      "attrs": [],
      "properties": {
        "name": "vine",
        "ligatures": "vine, brand17",
        "order": 15,
        "id": 29,
        "prevSize": 32,
        "code": 60055
      },
      "setIdx": 0,
      "setId": 2,
      "iconIdx": 29
    },
    {
      "icon": {
        "paths": [
          "M928 0h-832c-52.8 0-96 43.2-96 96v832c0 52.8 43.2 96 96 96h832c52.8 0 96-43.2 96-96v-832c0-52.8-43.2-96-96-96zM829.4 716.8l-93.6 1.4c0 0-20.2 4-46.6-14.2-35-24-68-86.6-93.8-78.4-26 8.2-25.2 64.4-25.2 64.4s0.2 12-5.8 18.4c-6.4 7-19.2 8.4-19.2 8.4h-41.8c0 0-92.4 5.6-173.8-79.2-88.8-92.4-167.2-275.8-167.2-275.8s-4.6-12 0.4-17.8c5.6-6.6 20.6-7 20.6-7l100.2-0.6c0 0 9.4 1.6 16.2 6.6 5.6 4 8.6 11.8 8.6 11.8s16.2 41 37.6 78c41.8 72.2 61.4 88 75.6 80.4 20.6-11.2 14.4-102.2 14.4-102.2s0.4-33-10.4-47.6c-8.4-11.4-24.2-14.8-31-15.6-5.6-0.8 3.6-13.8 15.6-19.8 18-8.8 49.8-9.4 87.4-9 29.2 0.2 37.8 2.2 49.2 4.8 34.6 8.4 22.8 40.6 22.8 117.8 0 24.8-4.4 59.6 13.4 71 7.6 5 26.4 0.8 73.4-79 22.2-37.8 39-82.2 39-82.2s3.6-8 9.2-11.4c5.8-3.4 13.6-2.4 13.6-2.4l105.4-0.6c0 0 31.6-3.8 36.8 10.6 5.4 15-11.8 50-54.8 107.4-70.6 94.2-78.6 85.4-19.8 139.8 56 52 67.6 77.4 69.6 80.6 22.8 38.4-26 41.4-26 41.4z"
        ],
        "attrs": [],
        "isMulticolor": false,
        "isMulticolor2": false,
        "tags": [
          "vk",
          "brand",
          "social"
        ],
        "defaultCode": 60056,
        "grid": 16
      },
      "attrs": [],
      "properties": {
        "name": "vk",
        "ligatures": "vk, brand18",
        "order": 16,
        "id": 30,
        "prevSize": 32,
        "code": 60056
      },
      "setIdx": 0,
      "setId": 2,
      "iconIdx": 30
    },
    {
      "icon": {
        "paths": [
          "M425.2 10.6c-241.2 40.6-425.2 250.4-425.2 503.2 0 125.6 45.6 240.6 120.8 329.6 178.6-86.4 303.6-282 304.4-509.8v-323z",
          "M598.8 10.6c241.2 40.6 425.2 250.4 425.2 503.2 0 125.6-45.6 240.6-120.8 329.6-178.6-86.4-303.6-282-304.4-509.8v-323z",
          "M510.2 642.6c-31.8 131.6-126.8 244-245 318.8 72.8 39.8 156.2 62.6 245 62.6s172.2-22.8 245-62.6c-118.2-74.8-213.2-187.2-245-318.8z"
        ],
        "attrs": [],
        "isMulticolor": false,
        "isMulticolor2": false,
        "tags": [
          "renren",
          "brand",
          "social"
        ],
        "defaultCode": 60057,
        "grid": 16
      },
      "attrs": [],
      "properties": {
        "name": "renren",
        "ligatures": "renren, brand19",
        "order": 55,
        "id": 31,
        "prevSize": 32,
        "code": 60057
      },
      "setIdx": 0,
      "setId": 2,
      "iconIdx": 31
    },
    {
      "icon": {
        "paths": [
          "M430.2 898c-169.6 16.8-316-60-327-171.2-11-111.4 117.6-215 287-231.8 169.6-16.8 316 60 326.8 171.2 11.2 111.4-117.4 215.2-286.8 231.8zM769.2 528.6c-14.4-4.4-24.4-7.2-16.8-26.2 16.4-41.2 18-76.6 0.2-102-33.2-47.4-124.2-45-228.4-1.2 0 0-32.8 14.2-24.4-11.6 16-51.6 13.6-94.6-11.4-119.6-56.6-56.6-207 2.2-336 131.2-96.4 96.2-152.4 198.8-152.4 287.4 0 169.2 217.2 272.2 429.6 272.2 278.4 0 463.8-161.8 463.8-290.2 0-77.8-65.4-121.8-124.2-140z",
          "M954.2 218.6c-67.2-74.6-166.4-103-258-83.6v0c-21.2 4.6-34.6 25.4-30 46.4 4.6 21.2 25.2 34.6 46.4 30 65.2-13.8 135.6 6.4 183.4 59.4s60.8 125.2 40.2 188.4v0c-6.6 20.6 4.6 42.6 25.2 49.4 20.6 6.6 42.6-4.6 49.4-25.2v-0.2c28.8-88.4 10.6-190-56.6-264.6z",
          "M850.8 312c-32.8-36.4-81.2-50.2-125.6-40.6-18.2 3.8-29.8 22-26 40.2 4 18.2 22 29.8 40 25.8v0c21.8-4.6 45.4 2.2 61.4 19.8 16 17.8 20.4 42 13.4 63.2v0c-5.6 17.6 4 36.8 21.8 42.6 17.8 5.6 36.8-4 42.6-21.8 14-43.4 5.2-93-27.6-129.2z",
          "M439.6 696.6c-6 10.2-19 15-29.2 10.8-10.2-4-13.2-15.6-7.4-25.4 6-9.8 18.6-14.6 28.6-10.8 10 3.6 13.6 15 8 25.4zM385.4 765.8c-16.4 26.2-51.6 37.6-78 25.6-26-11.8-33.8-42.2-17.4-67.8 16.2-25.4 50.2-36.8 76.4-25.8 26.6 11.4 35.2 41.6 19 68zM447 580.6c-80.6-21-171.8 19.2-206.8 90.2-35.8 72.4-1.2 153 80.2 179.4 84.4 27.2 184-14.6 218.6-92.6 34.2-76.6-8.4-155.2-92-177z"
        ],
        "attrs": [],
        "isMulticolor": false,
        "isMulticolor2": false,
        "tags": [
          "sina-weibo",
          "brand",
          "social"
        ],
        "defaultCode": 60058,
        "grid": 16
      },
      "attrs": [],
      "properties": {
        "name": "sina-weibo",
        "ligatures": "sina-weibo, brand20",
        "order": 56,
        "id": 32,
        "prevSize": 32,
        "code": 60058
      },
      "setIdx": 0,
      "setId": 2,
      "iconIdx": 32
    },
    {
      "icon": {
        "paths": [
          "M136.294 750.93c-75.196 0-136.292 61.334-136.292 136.076 0 75.154 61.1 135.802 136.292 135.802 75.466 0 136.494-60.648 136.494-135.802-0.002-74.742-61.024-136.076-136.494-136.076zM0.156 347.93v196.258c127.784 0 247.958 49.972 338.458 140.512 90.384 90.318 140.282 211.036 140.282 339.3h197.122c-0.002-372.82-303.282-676.070-675.862-676.070zM0.388 0v196.356c455.782 0 826.756 371.334 826.756 827.644h196.856c0-564.47-459.254-1024-1023.612-1024z"
        ],
        "attrs": [],
        "isMulticolor": false,
        "isMulticolor2": false,
        "tags": [
          "feed",
          "rss",
          "social"
        ],
        "defaultCode": 60059,
        "grid": 16
      },
      "attrs": [],
      "properties": {
        "ligatures": "feed2, rss",
        "name": "rss",
        "order": 9,
        "id": 33,
        "prevSize": 32,
        "code": 60059
      },
      "setIdx": 0,
      "setId": 2,
      "iconIdx": 33
    },
    {
      "icon": {
        "paths": [
          "M1013.8 307.2c0 0-10-70.6-40.8-101.6-39-40.8-82.6-41-102.6-43.4-143.2-10.4-358.2-10.4-358.2-10.4h-0.4c0 0-215 0-358.2 10.4-20 2.4-63.6 2.6-102.6 43.4-30.8 31-40.6 101.6-40.6 101.6s-10.2 82.8-10.2 165.8v77.6c0 82.8 10.2 165.8 10.2 165.8s10 70.6 40.6 101.6c39 40.8 90.2 39.4 113 43.8 82 7.8 348.2 10.2 348.2 10.2s215.2-0.4 358.4-10.6c20-2.4 63.6-2.6 102.6-43.4 30.8-31 40.8-101.6 40.8-101.6s10.2-82.8 10.2-165.8v-77.6c-0.2-82.8-10.4-165.8-10.4-165.8zM406.2 644.8v-287.8l276.6 144.4-276.6 143.4z"
        ],
        "attrs": [],
        "isMulticolor": false,
        "isMulticolor2": false,
        "tags": [
          "youtube",
          "brand",
          "social"
        ],
        "defaultCode": 60061,
        "grid": 16
      },
      "attrs": [],
      "properties": {
        "ligatures": "youtube, brand21",
        "name": "youtube",
        "order": 8,
        "id": 34,
        "prevSize": 32,
        "code": 60061
      },
      "setIdx": 0,
      "setId": 2,
      "iconIdx": 34
    },
    {
      "icon": {
        "paths": [
          "M96 0l-96 160v736h256v128h128l128-128h160l288-288v-608h-864zM832 544l-160 160h-160l-128 128v-128h-192v-576h640v416z",
          "M608 256h96v256h-96v-256z",
          "M416 256h96v256h-96v-256z"
        ],
        "attrs": [],
        "isMulticolor": false,
        "isMulticolor2": false,
        "tags": [
          "twitch",
          "brand",
          "social"
        ],
        "defaultCode": 60063,
        "grid": 16
      },
      "attrs": [],
      "properties": {
        "ligatures": "twitch, brand23",
        "name": "twitch",
        "order": 17,
        "id": 35,
        "prevSize": 32,
        "code": 60063
      },
      "setIdx": 0,
      "setId": 2,
      "iconIdx": 35
    },
    {
      "icon": {
        "paths": [
          "M1023.6 274c-4.6 99.6-74.2 236.2-208.8 409.4-139.2 180.8-257 271.4-353.4 271.4-59.6 0-110.2-55-151.4-165.2-27.6-101-55-202-82.6-303-30.6-110.2-63.4-165.2-98.6-165.2-7.6 0-34.4 16.2-80.4 48.2l-48.2-62c50.6-44.4 100.4-88.8 149.4-133.2 67.4-58.2 118-88.8 151.8-92 79.6-7.6 128.8 46.8 147.2 163.4 19.8 125.8 33.6 204 41.4 234.6 23 104.4 48.2 156.6 75.8 156.6 21.4 0 53.6-33.8 96.6-101.6 42.8-67.6 65.8-119.2 69-154.6 6.2-58.4-16.8-87.8-69-87.8-24.6 0-49.8 5.6-75.8 16.8 50.4-164.8 146.4-244.8 288.4-240.2 105 2.8 154.6 71 148.6 204.4z"
        ],
        "attrs": [],
        "isMulticolor": false,
        "isMulticolor2": false,
        "tags": [
          "vimeo",
          "brand",
          "social"
        ],
        "defaultCode": 60064,
        "grid": 16
      },
      "attrs": [],
      "properties": {
        "ligatures": "vimeo, brand24",
        "name": "vimeo",
        "order": 18,
        "id": 36,
        "prevSize": 32,
        "code": 60064
      },
      "setIdx": 0,
      "setId": 2,
      "iconIdx": 36
    },
    {
      "icon": {
        "paths": [
          "M928 0h-832c-52.8 0-96 43.2-96 96v832c0 52.8 43.2 96 96 96h832c52.8 0 96-43.2 96-96v-832c0-52.8-43.2-96-96-96zM822.4 768.8l-348.4 114c-79.6 26-87.6 21.8-123.6-89.6l-88-272.6c-21-64.6-85-238.6-95.8-272-20-62-20-65.4 97-103.4 91.6-30 95.4-29 128.6 74.4 26.8 83.2 44 150.4 71.6 235.4l75 232 239.6-78.4c47.2-15.6 63-14.8 76.4 43.4l9.6 44c11.2 51-14.6 64-42 72.8z"
        ],
        "attrs": [],
        "isMulticolor": false,
        "isMulticolor2": false,
        "tags": [
          "lanyrd",
          "brand"
        ],
        "defaultCode": 60066,
        "grid": 16
      },
      "attrs": [],
      "properties": {
        "ligatures": "lanyrd, brand26",
        "name": "lanyrd",
        "order": 51,
        "id": 37,
        "prevSize": 32,
        "code": 60066
      },
      "setIdx": 0,
      "setId": 2,
      "iconIdx": 37
    },
    {
      "icon": {
        "paths": [
          "M800 416c-70.58 0-128 57.42-128 128s57.42 128 128 128c70.58 0 128-57.42 128-128s-57.42-128-128-128zM800 320v0c123.71 0 224 100.288 224 224 0 123.71-100.29 224-224 224s-224-100.29-224-224c0-123.712 100.29-224 224-224zM0 544c0-123.712 100.288-224 224-224s224 100.288 224 224c0 123.712-100.288 224-224 224s-224-100.288-224-224z"
        ],
        "attrs": [],
        "isMulticolor": false,
        "isMulticolor2": false,
        "tags": [
          "flickr",
          "brand",
          "social"
        ],
        "defaultCode": 60068,
        "grid": 16
      },
      "attrs": [],
      "properties": {
        "ligatures": "flickr2, brand28",
        "name": "flickr2",
        "order": 19,
        "id": 38,
        "prevSize": 32,
        "code": 60068
      },
      "setIdx": 0,
      "setId": 2,
      "iconIdx": 38
    },
    {
      "icon": {
        "paths": [
          "M512 1024c-282.4 0-512-229.6-512-512s229.6-512 512-512c282.4 0 512 229.6 512 512s-229.6 512-512 512v0zM943.8 582c-15-4.8-135.4-40.6-272.4-18.6 57.2 157.2 80.4 285.2 85 311.8 98-66.4 168-171.4 187.4-293.2v0zM682.8 915.2c-6.6-38.4-31.8-172-93.2-331.6-1 0.4-2 0.6-2.8 1-246.8 86-335.4 257-343.2 273 74.2 57.8 167.4 92.4 268.4 92.4 60.6 0 118.4-12.4 170.8-34.8v0zM187 805c10-17 130-215.6 355.4-288.6 5.6-1.8 11.4-3.6 17.2-5.2-11-24.8-23-49.8-35.4-74.2-218.2 65.4-430.2 62.6-449.4 62.4-0.2 4.4-0.2 8.8-0.2 13.4 0 112.2 42.6 214.8 112.4 292.2v0zM84 423c19.6 0.2 199.8 1 404.4-53.2-72.4-128.8-150.6-237.2-162.2-253-122.4 57.8-214 170.6-242.2 306.2v0zM409.6 87.4c12 16.2 91.6 124.4 163.2 256 155.6-58.2 221.4-146.8 229.2-158-77.2-68.6-178.8-110.2-290-110.2-35.2 0.2-69.6 4.4-102.4 12.2v0zM850.6 236.2c-9.2 12.4-82.6 106.4-244.2 172.4 10.2 20.8 20 42 29 63.4 3.2 7.6 6.4 15 9.4 22.6 145.6-18.2 290.2 11 304.6 14-1-103.2-38-198-98.8-272.4v0z"
        ],
        "attrs": [],
        "isMulticolor": false,
        "isMulticolor2": false,
        "tags": [
          "dribbble",
          "brand",
          "social"
        ],
        "defaultCode": 60071,
        "grid": 16
      },
      "attrs": [],
      "properties": {
        "ligatures": "dribbble, brand31",
        "name": "dribbble",
        "order": 20,
        "id": 39,
        "prevSize": 32,
        "code": 60071
      },
      "setIdx": 0,
      "setId": 2,
      "iconIdx": 39
    },
    {
      "icon": {
        "paths": [
          "M297 205.2c30.2 0 57.4 2.6 82.2 8 24.8 5.2 45.8 14 63.6 26 17.6 12 31.2 28 41.2 48 9.6 19.8 14.4 44.6 14.4 74 0 31.8-7.2 58.2-21.6 79.4-14.6 21.2-35.8 38.4-64.2 52 38.8 11.2 67.4 30.8 86.6 58.6 19.2 28 28.4 61.6 28.4 101.2 0 32-6.2 59.4-18.4 82.6-12.4 23.4-29.2 42.4-49.8 57-20.8 14.8-44.8 25.6-71.6 32.6-26.6 7-54 10.6-82.4 10.6h-305.4v-630h297zM279 459.6c24.6 0 45-5.8 61-17.6 16-11.6 23.6-30.8 23.6-57.2 0-14.6-2.6-26.8-7.8-36.2-5.4-9.4-12.4-16.8-21.4-22-8.8-5.4-18.8-9-30.6-11-11.4-2.2-23.4-3.2-35.6-3.2h-129.6v147.2h140.4zM286.6 727.8c13.6 0 26.6-1.2 38.8-4 12.4-2.8 23.4-7 32.6-13.4 9.2-6.2 17-14.4 22.6-25.2 5.6-10.6 8.2-24.2 8.2-40.8 0-32.4-9.2-55.6-27.4-69.6-18.2-13.8-42.4-20.6-72.4-20.6h-150.4v173.4h148z",
          "M725.2 725.6c18.8 18.4 45.8 27.6 81 27.6 25.2 0 47.2-6.4 65.4-19.2s29.2-26.4 33.4-40.4h110.4c-17.8 55-44.6 94-81.4 117.6-36.2 23.6-80.6 35.6-132 35.6-36 0-68.2-5.8-97.2-17.2-29-11.6-53.2-27.8-73.6-49-19.8-21.2-35.4-46.4-46.4-76-10.8-29.4-16.4-62-16.4-97.2 0-34.2 5.6-66 16.8-95.4 11.4-29.6 27-55 47.8-76.4s45.2-38.4 74-50.8c28.6-12.4 60.2-18.6 95.2-18.6 38.6 0 72.4 7.4 101.4 22.6 28.8 15 52.6 35.2 71.2 60.4s31.8 54.2 40 86.6c8.2 32.4 11 66.2 8.8 101.6h-329.4c0 35.8 12 70 31 88.2zM869 486c-14.8-16.4-40.2-25.4-70.8-25.4-20 0-36.6 3.4-49.8 10.2-13 6.8-23.6 15.2-31.8 25.2-8 10-13.6 20.8-16.8 32.2-3.2 11-5.2 21.2-5.8 30h204c-3-32-14-55.6-29-72.2z",
          "M668.4 256h255.4v62.2h-255.4v-62.2z"
        ],
        "attrs": [],
        "isMulticolor": false,
        "isMulticolor2": false,
        "tags": [
          "behance",
          "brand",
          "social"
        ],
        "defaultCode": 60072,
        "grid": 16
      },
      "attrs": [],
      "properties": {
        "name": "behance",
        "ligatures": "behance, brand32",
        "order": 21,
        "id": 40,
        "prevSize": 32,
        "code": 60072
      },
      "setIdx": 0,
      "setId": 2,
      "iconIdx": 40
    },
    {
      "icon": {
        "paths": [
          "M829 186.2v-186.2h-186.2l-18.6 18.8-88 167.4-27.6 18.6h-313.6v255.6h172.4l15.4 18.6-187.8 358.8v186.2h186.2l18.6-18.8 88-167.4 27.6-18.6h313.6v-255.6h-172.4l-15.4-18.8z"
        ],
        "attrs": [],
        "isMulticolor": false,
        "isMulticolor2": false,
        "tags": [
          "deviantart",
          "brand",
          "social"
        ],
        "defaultCode": 60074,
        "grid": 16
      },
      "attrs": [],
      "properties": {
        "ligatures": "deviantart, brand34",
        "name": "deviantart",
        "order": 60,
        "id": 41,
        "prevSize": 32,
        "code": 60074
      },
      "setIdx": 0,
      "setId": 2,
      "iconIdx": 41
    },
    {
      "icon": {
        "paths": [
          "M253 672.8c0.2 0.6 5.6 15.2 8.6 22.6 16.8 39.8 41 75.8 71.8 106.6s66.6 55 106.6 71.8c41.4 17.4 85.2 26.4 130.4 26.4s89.2-8.8 130.4-26.4c40-16.8 75.8-41 106.6-71.8s55-66.6 71.8-106.6c17.4-41.4 26.4-85.2 26.4-130.4s-8.8-89.2-26.4-130.4c-16.8-40-41-75.8-71.8-106.6s-66.6-55-106.6-71.8c-41.4-17.4-85.2-26.4-130.4-26.4-45.8 0-91.6 9.2-132.2 26.4-32.6 13.8-87.8 49.2-120 82.6l-0.2 0.2v-276h463.4c16.8-0.2 16.8-23.8 16.8-31.4 0-7.8 0-31.2-17-31.4h-501c-13.6 0-22 11.4-22 21.8v388.2c0 12.6 15.6 21.6 30.2 24.6 28.4 6 34.8-3 41.8-12.6l1-1.2c10.6-15.8 43.6-49 44-49.4 51.6-51.6 120.6-80 194.4-80 73.4 0 142.2 28.4 193.8 80 51.8 51.8 80.4 120.4 80.4 193.2 0 73-28.4 141.8-80 193.2-50.8 50.8-122 80-195 80-49.4 0-97.2-13.2-138.2-38.2l0.2-236c0-31.4 13.6-65.8 36.6-91.6 26.2-29.6 62.2-45.8 101.6-45.8 38 0 73.6 14.4 100.2 40.6 26.2 26 40.8 60.8 40.8 97.8 0 78.8-62 140.6-141.2 140.6-15.2 0-43-6.8-44.2-7-16-4.8-22.8 17.4-25 24.8-8.6 28.2 4.4 33.8 7 34.6 25.4 8 42.2 9.4 64.2 9.4 111.8 0 202.8-91 202.8-202.8 0-111-91-201.2-202.6-201.2-54.8 0-106.2 21-144.8 58.8-36.8 36.2-57.8 84.4-57.8 132.4v1.2c-0.2 6-0.2 147.6-0.4 194l-0.2-0.2c-21-23.2-41.8-58.8-55.6-95.2-5.4-14.2-17.6-11.8-34.2-6.6-8 2.2-30 9-25 25.2v0zM491.2 617.4c0 6.8 6.2 12.8 10 16.2l1.2 1.2c6.4 6.2 12.4 9.4 18 9.4 4.6 0 7.4-2.2 8.4-3.2 2.8-2.6 34.4-34.8 37.6-37.8l35.4 35.2c3.2 3.6 6.8 5.6 11 5.6 5.6 0 11.8-3.4 18.2-10 15.2-15.6 7.6-24 4-28l-35.8-35.8 37.4-37.6c8.2-8.8 1-18.2-6.2-25.4-10.4-10.4-20.6-13.2-27-7.2l-37.2 37.2-37.6-37.6c-2-2-4.6-3-7.2-3-5 0-11 3.4-17.6 10-11.6 11.6-14 19.6-8 26l37.6 37.4-37.4 37.4c-3.4 3.2-5 6.6-4.8 10zM573 109.8c-60 0-124 12.2-170.8 32.4-5 2-8 6-8.6 11.6-0.6 5.4 0.8 12.4 4.4 21.6 3 7.4 10.6 27.2 25.6 21.4 48-18.4 101.2-28.4 149.4-28.4 54.8 0 108 10.8 158 31.8 39.8 16.8 77.2 41.2 118 76.4 3 2.6 6.2 3.8 9.4 3.8 8 0 15.6-7.8 22.2-15.2 10.8-12.2 18.4-22.4 7.6-32.6-39-36.8-81.6-64.4-134.4-86.8-57.2-23.8-118.2-36-180.8-36zM896.4 851.2v0c-7.2-7.2-13.4-11.4-18.8-13s-10.4-0.4-14.2 3.4l-3.6 3.6c-37.2 37.2-80.6 66.4-128.8 86.8-50 21.2-103 31.8-157.6 31.8-54.8 0-107.8-10.8-157.6-31.8-48.2-20.4-91.6-49.6-128.8-86.8-38.8-38.8-68-82.2-86.8-128.8-18.4-45.6-24.4-79.8-26.4-91-0.2-1-0.4-1.8-0.4-2.4-2.6-13.2-14.8-14.2-32.2-11.4-7.2 1.2-29.4 4.6-27.4 20.4v0.4c5.8 37 16.2 73.2 30.8 107.6 23.4 55.4 57 105.2 99.8 148s92.6 76.2 148 99.8c57.4 24.2 118.4 36.6 181.2 36.6s123.8-12.4 181.2-36.6c55.4-23.4 105.2-57 148-99.8 0 0 2.4-2.4 3.8-3.8 4.4-5.4 8.6-14.4-10.2-33z"
        ],
        "attrs": [],
        "isMulticolor": false,
        "isMulticolor2": false,
        "tags": [
          "500px",
          "brand",
          "social"
        ],
        "defaultCode": 60075,
        "grid": 16
      },
      "attrs": [],
      "properties": {
        "name": "500px",
        "ligatures": "500px, brand35",
        "order": 22,
        "id": 42,
        "prevSize": 32,
        "code": 60075
      },
      "setIdx": 0,
      "setId": 2,
      "iconIdx": 42
    },
    {
      "icon": {
        "paths": [
          "M704 288c0-53.019 42.981-96 96-96s96 42.981 96 96c0 53.019-42.981 96-96 96s-96-42.981-96-96zM958.392 129.608c-87.478-87.476-229.306-87.476-316.786 0-35.578 35.578-56.684 80.146-63.322 126.392v0l-204.694 310.228c-27.506 1.41-54.776 8.416-79.966 21.016l-157.892-123.424c-36.55-28.574-89.342-22.102-117.912 14.448-28.572 36.55-22.102 89.342 14.448 117.912l155.934 121.892c-16.96 66.782 0.672 140.538 52.93 192.794 78.906 78.904 206.832 78.904 285.736 0 48.466-48.466 67.15-115.428 56.076-178.166l249.054-222.986c46.248-6.638 90.816-27.744 126.394-63.322 87.478-87.476 87.478-229.306 0-316.784zM384 902.698c-74.39 0-134.698-60.304-134.698-134.698 0-0.712 0.042-1.414 0.054-2.124l66.912 52.304c15.36 12.006 33.582 17.824 51.674 17.824 24.962 0 49.672-11.080 66.238-32.272 28.572-36.55 22.102-89.342-14.448-117.912l-63.5-49.636c8.962-1.878 18.248-2.88 27.768-2.88 74.392 0 134.698 60.304 134.698 134.698s-60.306 134.696-134.698 134.696zM800 448c-88.366 0-160-71.634-160-160s71.634-160 160-160 160 71.634 160 160-71.634 160-160 160z"
        ],
        "attrs": [],
        "isMulticolor": false,
        "isMulticolor2": false,
        "tags": [
          "steam",
          "brand",
          "social"
        ],
        "defaultCode": 60076,
        "grid": 16
      },
      "attrs": [],
      "properties": {
        "ligatures": "steam, brand36",
        "name": "steam",
        "order": 23,
        "id": 43,
        "prevSize": 32,
        "code": 60076
      },
      "setIdx": 0,
      "setId": 2,
      "iconIdx": 43
    },
    {
      "icon": {
        "paths": [
          "M736 32l-224 192 288 192 224-192z",
          "M512 224l-224-192-288 192 224 192z",
          "M800 416l224 192-288 160-224-192z",
          "M512 576l-288-160-224 192 288 160z",
          "M728.156 845.57l-216.156-185.278-216.158 185.278-135.842-75.468v93.898l352 160 352-160v-93.898z"
        ],
        "attrs": [],
        "isMulticolor": false,
        "isMulticolor2": false,
        "tags": [
          "dropbox",
          "brand"
        ],
        "defaultCode": 60078,
        "grid": 16
      },
      "attrs": [],
      "properties": {
        "ligatures": "dropbox, brand38",
        "name": "dropbox",
        "order": 64,
        "id": 44,
        "prevSize": 32,
        "code": 60078
      },
      "setIdx": 0,
      "setId": 2,
      "iconIdx": 44
    },
    {
      "icon": {
        "paths": [
          "M350.868 828.388c-60.274-15.060-93.856-62.97-93.962-134.064-0.032-22.726 1.612-33.62 7.286-48.236 13.908-35.834 50.728-62.872 99.176-72.822 24.11-4.95 31.536-10.266 31.536-22.572 0-3.862 2.872-15.36 6.378-25.552 15.932-46.306 45.43-84.91 76.948-100.702 32.99-16.526 49.642-20.254 89.548-20.040 56.674 0.304 84.952 12.598 124.496 54.128l21.75 22.842 19.484-6.742c94.3-32.636 188.306 22.916 195.888 115.756l2.072 25.398 18.57 6.65c53.032 19.004 77.96 58.904 73.442 117.556-2.958 38.358-20.89 68.98-49.3 84.184l-13.356 7.146-296.822 0.57c-228.094 0.44-300.6-0.368-313.134-3.5v0zM103.218 785.966c-36.176-9.086-74.506-42.854-92.48-81.47-10.196-21.906-10.738-25.128-10.738-63.88 0-36.864 0.87-42.778 8.988-61.080 17.11-38.582 49.894-66.46 91.030-77.408 8.684-2.312 16.842-6 18.128-8.196 1.29-2.198 2.722-14.164 3.182-26.592 2.866-77.196 50.79-145.214 117.708-167.056 36.154-11.8 83.572-12.898 122.896 3.726 12.47 5.274 11.068 6.404 37.438-30.14 15.594-21.612 45.108-44.49 70.9-58.18 27.838-14.776 56.792-21.584 91.412-21.494 96.768 0.252 180.166 64.22 211.004 161.848 9.854 31.192 9.362 39.926-2.26 40.184-5.072 0.112-19.604 3.064-32.292 6.558l-23.072 6.358-21.052-22.25c-59.362-62.734-156.238-76.294-238.592-33.396-32.9 17.138-59.34 41.746-79.31 73.81-14.236 22.858-32.39 65.504-32.39 76.094 0 7.51-5.754 11.264-30.332 19.782-76.094 26.376-120.508 87.282-120.476 165.218 0.010 28.368 6.922 63.074 16.52 82.956 3.618 7.494 5.634 14.622 4.484 15.836-2.946 3.106-97.608 2.060-110.696-1.228v0z"
        ],
        "attrs": [],
        "isMulticolor": false,
        "isMulticolor2": false,
        "tags": [
          "onedrive",
          "brand",
          "skydrive"
        ],
        "defaultCode": 60079,
        "grid": 16
      },
      "attrs": [],
      "properties": {
        "ligatures": "onedrive, brand39",
        "name": "onedrive",
        "order": 63,
        "id": 45,
        "prevSize": 32,
        "code": 60079
      },
      "setIdx": 0,
      "setId": 2,
      "iconIdx": 45
    },
    {
      "icon": {
        "paths": [
          "M512.008 12.642c-282.738 0-512.008 229.218-512.008 511.998 0 226.214 146.704 418.132 350.136 485.836 25.586 4.738 34.992-11.11 34.992-24.632 0-12.204-0.48-52.542-0.696-95.324-142.448 30.976-172.504-60.41-172.504-60.41-23.282-59.176-56.848-74.916-56.848-74.916-46.452-31.778 3.51-31.124 3.51-31.124 51.4 3.61 78.476 52.766 78.476 52.766 45.672 78.27 119.776 55.64 149.004 42.558 4.588-33.086 17.852-55.68 32.506-68.464-113.73-12.942-233.276-56.85-233.276-253.032 0-55.898 20.004-101.574 52.76-137.428-5.316-12.9-22.854-64.972 4.952-135.5 0 0 43.006-13.752 140.84 52.49 40.836-11.348 84.636-17.036 128.154-17.234 43.502 0.198 87.336 5.886 128.256 17.234 97.734-66.244 140.656-52.49 140.656-52.49 27.872 70.528 10.35 122.6 5.036 135.5 32.82 35.856 52.694 81.532 52.694 137.428 0 196.654-119.778 239.95-233.79 252.624 18.364 15.89 34.724 47.046 34.724 94.812 0 68.508-0.596 123.644-0.596 140.508 0 13.628 9.222 29.594 35.172 24.566 203.322-67.776 349.842-259.626 349.842-485.768 0-282.78-229.234-511.998-511.992-511.998z"
        ],
        "attrs": [],
        "isMulticolor": false,
        "isMulticolor2": false,
        "tags": [
          "github",
          "brand",
          "octacat",
          "social"
        ],
        "defaultCode": 60080,
        "grid": 16
      },
      "attrs": [],
      "properties": {
        "ligatures": "github, brand40",
        "name": "github",
        "order": 24,
        "id": 46,
        "prevSize": 32,
        "code": 60080
      },
      "setIdx": 0,
      "setId": 2,
      "iconIdx": 46
    },
    {
      "icon": {
        "paths": [
          "M0 0v1024h1024v-1024h-1024zM832 832h-128v-512h-192v512h-320v-640h640v640z"
        ],
        "attrs": [],
        "isMulticolor": false,
        "isMulticolor2": false,
        "tags": [
          "npm",
          "brand"
        ],
        "defaultCode": 60081,
        "grid": 16
      },
      "attrs": [],
      "properties": {
        "name": "npm",
        "ligatures": "npm, brand41",
        "order": 25,
        "id": 47,
        "prevSize": 32,
        "code": 60081
      },
      "setIdx": 0,
      "setId": 2,
      "iconIdx": 47
    },
    {
      "icon": {
        "paths": [
          "M512 106.6c-186.8 0-330.8 156.4-412.4 309.6-46 86.2-78.2 180.6-93 277.2-1.6 11-3.2 22-4.4 33.2-0.6 6-1.2 12-1.6 18-0.6 7.6-0.2 10 3.8 16.4 12 19.4 26.2 37.4 42.2 53.6 32.8 33.6 72.6 59.4 114.8 79.4 96.2 45.4 204.8 61.8 310.4 65.4 109 3.6 221-5.4 325.2-39.4 89-29 174.8-79.6 224.2-161.4 5.4-8.8 1.6-21.8 0.6-32-1.2-12.2-2.8-24.2-4.8-36.2-3.6-23.6-8.4-46.8-14.2-70-11.6-47.2-27.4-93.6-46.6-138.2-69.6-161.6-198.4-334-381.6-369.6-20.6-4-41.6-6-62.6-6zM518.4 890.2c-114.2 0-238.6-10.2-341.4-65.2-40-21.4-80.8-52.4-100-95-5.6-12.4-3.6-17.2-1-31.8 1.8-9.4 2.6-18.6 6.8-27.4 5.8-12.2 11.8-24.2 18-36.2 21-40.6 43.6-80.8 69.8-118.6 13-18.6 26.8-37 42.8-53 11.2-11.2 24.8-23.2 40.6-27 48.4-11.6 85.4 44.4 114.8 72.6 14.2 13.6 33.2 29 54.4 26.4 14.6-1.8 27.6-13.2 38-22.6 35.4-31.8 63.8-71.2 93.2-108.2 14.6-18.2 29-36.6 44.8-54 10.6-11.8 22.2-25.2 36.4-32.8 25.4-13.8 57.8 14.6 75.4 29.2 30 25 56.6 54.2 82 83.8 24.2 28.2 47.6 56.8 68.2 87.8 31.8 48 59.4 99.2 84.6 151 5.4 11.2 7.2 18.8 9.2 31.2 1.2 6.8 3.8 14.6 2.8 21.6-1.4 9.8-8.2 20.4-13.2 28.4-12 19-28.2 35.4-46 49.2-74.6 57.8-175.6 77-267.4 85.6-37.6 3.6-75.2 5-112.8 5z"
        ],
        "attrs": [],
        "isMulticolor": false,
        "isMulticolor2": false,
        "tags": [
          "basecamp",
          "brand"
        ],
        "defaultCode": 60082,
        "grid": 16
      },
      "attrs": [],
      "properties": {
        "name": "basecamp",
        "ligatures": "basecamp, brand42",
        "order": 62,
        "id": 48,
        "prevSize": 32,
        "code": 60082
      },
      "setIdx": 0,
      "setId": 2,
      "iconIdx": 48
    },
    {
      "icon": {
        "paths": [
          "M928 0h-832c-52.8 0-96 43.2-96 96v832c0 52.8 43.2 96 96 96h832c52.8 0 96-43.2 96-96v-832c0-52.8-43.2-96-96-96zM448 768c0 35.2-28.8 64-64 64h-128c-35.2 0-64-28.8-64-64v-512c0-35.2 28.8-64 64-64h128c35.2 0 64 28.8 64 64v512zM832 576c0 35.2-28.8 64-64 64h-128c-35.2 0-64-28.8-64-64v-320c0-35.2 28.8-64 64-64h128c35.2 0 64 28.8 64 64v320z"
        ],
        "attrs": [],
        "isMulticolor": false,
        "isMulticolor2": false,
        "tags": [
          "trello",
          "brand"
        ],
        "defaultCode": 60083,
        "grid": 16
      },
      "attrs": [],
      "properties": {
        "name": "trello",
        "ligatures": "trello, brand43",
        "order": 27,
        "id": 49,
        "prevSize": 32,
        "code": 60083
      },
      "setIdx": 0,
      "setId": 2,
      "iconIdx": 49
    },
    {
      "icon": {
        "paths": [
          "M128 511.992c0 148.026 88.322 275.968 216.43 336.578l-183.178-488.784c-21.308 46.508-33.252 97.982-33.252 152.206zM771.228 493.128c0-46.234-17.054-78.236-31.654-103.142-19.458-30.82-37.72-56.894-37.72-87.716 0-34.374 26.766-66.376 64.486-66.376 1.704 0 3.32 0.204 4.976 0.302-68.316-60.97-159.34-98.196-259.308-98.196-134.16 0-252.186 67.046-320.844 168.568 9.010 0.282 17.506 0.454 24.712 0.454 40.154 0 102.34-4.752 102.34-4.752 20.69-1.182 23.132 28.434 2.458 30.822 0 0-20.81 2.368-43.952 3.55l139.834 405.106 84.044-245.456-59.822-159.65c-20.688-1.184-40.278-3.55-40.278-3.55-20.702-1.192-18.272-32.002 2.438-30.822 0 0 63.4 4.752 101.134 4.752 40.146 0 102.35-4.752 102.35-4.752 20.702-1.182 23.14 28.434 2.446 30.822 0 0-20.834 2.372-43.948 3.55l138.78 402.018 38.312-124.632c16.58-51.75 29.216-88.9 29.216-120.9zM518.742 544.704l-115.226 326.058c34.416 9.858 70.794 15.238 108.488 15.238 44.716 0 87.604-7.518 127.518-21.2-1.018-1.602-1.974-3.304-2.75-5.154l-118.030-314.942zM848.962 332.572c1.652 11.91 2.588 24.686 2.588 38.458 0 37.93-7.292 80.596-29.202 133.95l-117.286 330.272c114.162-64.828 190.938-185.288 190.938-323.258 0-65.030-17.060-126.16-47.038-179.422zM512 0c-282.77 0-512 229.23-512 512s229.23 512 512 512 512-229.23 512-512-229.23-512-512-512zM512 960c-247.424 0-448-200.576-448-448s200.576-448 448-448 448 200.576 448 448-200.576 448-448 448z"
        ],
        "attrs": [],
        "isMulticolor": false,
        "isMulticolor2": false,
        "tags": [
          "wordpress",
          "brand",
          "social",
          "cms"
        ],
        "defaultCode": 60084,
        "grid": 16
      },
      "attrs": [],
      "properties": {
        "ligatures": "wordpress, brand44",
        "name": "wordpress",
        "order": 45,
        "id": 50,
        "prevSize": 32,
        "code": 60084
      },
      "setIdx": 0,
      "setId": 2,
      "iconIdx": 50
    },
    {
      "icon": {
        "paths": [
          "M266.004 276.678c32.832-32.844 86.002-32.844 118.804-0.032l7.826 7.868 101.104-101.156-7.874-7.88c-57.624-57.7-138.514-77.878-212.42-60.522-10.594-65.182-67.088-114.924-135.174-114.956-75.65 0-136.954 61.442-136.97 137.158 0 65.336 45.59 120 106.662 133.83-23.138 77.45-4.242 164.834 56.846 225.984l227.826 227.9 100.996-101.214-227.81-227.886c-32.682-32.722-32.742-86.126 0.184-119.094zM1022.712 137.158c0.016-75.762-61.318-137.158-136.984-137.158-69.234 0-126.478 51.444-135.682 118.238-77.074-22.664-163.784-3.496-224.64 57.408l-227.84 227.9 101.102 101.172 227.766-227.856c32.94-32.966 85.988-32.906 118.684-0.184 32.8 32.83 32.8 86.114-0.032 118.956l-7.794 7.836 101.010 101.248 7.858-7.928c60.458-60.566 79.678-146.756 57.612-223.638 67.15-8.834 118.94-66.364 118.94-135.994zM906.266 751.064c18.102-74.458-1.976-156.324-60.108-214.5l-227.49-227.992-101.102 101.122 227.52 228.012c32.94 32.996 32.864 86.096 0.184 118.848-32.802 32.814-86.004 32.814-118.836-0.030l-7.766-7.79-100.994 101.246 7.732 7.728c61.516 61.594 149.618 80.438 227.368 56.488 12.632 62.682 67.934 109.804 134.258 109.804 75.604 0 136.968-61.35 136.968-137.126 0-69.2-51.18-126.456-117.734-135.81zM612.344 528.684l-227.536 227.992c-32.71 32.768-86.034 32.828-118.944-0.124-32.818-32.904-32.832-86.098-0.044-118.97l7.808-7.774-101.086-101.124-7.734 7.712c-58.76 58.802-78.56 141.834-59.45 216.982-60.398 14.26-105.358 68.634-105.358 133.496-0.016 75.746 61.332 137.126 136.982 137.126 65.1-0.032 119.588-45.418 133.54-106.382 74.702 18.552 156.998-1.304 215.344-59.756l227.49-227.96-101.012-101.218z"
        ],
        "attrs": [],
        "isMulticolor": false,
        "isMulticolor2": false,
        "tags": [
          "joomla",
          "brand",
          "cms"
        ],
        "defaultCode": 60085,
        "grid": 16
      },
      "attrs": [],
      "properties": {
        "ligatures": "joomla, brand45",
        "name": "joomla",
        "order": 47,
        "id": 51,
        "prevSize": 32,
        "code": 60085
      },
      "setIdx": 0,
      "setId": 2,
      "iconIdx": 51
    },
    {
      "icon": {
        "paths": [
          "M512 0c-282.77 0-512 229.23-512 512s229.23 512 512 512 512-229.23 512-512-229.23-512-512-512zM824.636 589.598c-36.798 142.716-165.358 242.402-312.63 242.402-147.282 0-275.85-99.686-312.654-242.42-6.232-24.158 8.352-48.886 32.512-55.124 3.71-0.958 7.528-1.446 11.338-1.446 20.624 0 38.628 13.972 43.788 33.976 26.512 102.748 119.042 174.51 225.014 174.51 105.978 0 198.502-71.76 225-174.51 5.152-20.006 23.15-33.982 43.766-33.982 3.822 0 7.65 0.49 11.376 1.456 11.692 3.016 21.526 10.418 27.668 20.842 6.142 10.416 7.854 22.596 4.822 34.296z"
        ],
        "attrs": [],
        "isMulticolor": false,
        "isMulticolor2": false,
        "tags": [
          "ello",
          "brand",
          "social"
        ],
        "defaultCode": 60086,
        "grid": 16
      },
      "attrs": [],
      "properties": {
        "ligatures": "ello, brand46",
        "name": "ello",
        "order": 46,
        "id": 52,
        "prevSize": 32,
        "code": 60086
      },
      "setIdx": 0,
      "setId": 2,
      "iconIdx": 52
    },
    {
      "icon": {
        "paths": [
          "M957.796 384h-57.406c-35.166 0-65.988-29.742-68.39-64v0c0.004-182.668-147.258-320-331.19-320h-167.824c-183.812 0-332.856 148-332.986 330.666v362.798c0 182.654 149.174 330.536 332.984 330.536h358.42c183.948 0 332.596-147.882 332.596-330.536v-234.382c0-36.502-29.44-75.082-66.204-75.082zM320 256h192c35.2 0 64 28.8 64 64s-28.8 64-64 64h-192c-35.2 0-64-28.8-64-64s28.8-64 64-64zM704 768h-384c-35.2 0-64-28.8-64-64s28.8-64 64-64h384c35.2 0 64 28.8 64 64s-28.8 64-64 64z"
        ],
        "attrs": [],
        "isMulticolor": false,
        "isMulticolor2": false,
        "tags": [
          "blogger",
          "brand",
          "social"
        ],
        "defaultCode": 60087,
        "grid": 16
      },
      "attrs": [],
      "properties": {
        "ligatures": "blogger, brand47",
        "name": "blogger",
        "order": 28,
        "id": 53,
        "prevSize": 32,
        "code": 60087
      },
      "setIdx": 0,
      "setId": 2,
      "iconIdx": 53
    },
    {
      "icon": {
        "paths": [
          "M576.032 448l-0.002 234.184c0 59.418-0.77 93.656 5.53 110.5 6.25 16.754 21.918 34.146 38.99 44.202 22.684 13.588 48.542 20.376 77.708 20.376 51.854 0 82.478-6.848 133.742-40.54v153.944c-43.7 20.552-81.866 32.594-117.324 40.922-35.5 8.242-73.86 12.406-115.064 12.406-46.828 0-74.456-5.886-110.41-17.656-35.958-11.868-66.66-28.806-92.020-50.54-25.45-21.922-43.022-45.208-52.848-69.832-9.826-24.636-14.716-60.414-14.716-107.244v-359.1h-137.426v-145.006c40.208-13.042 85.164-31.788 113.78-56.152 28.754-24.45 51.766-53.706 69.106-87.944 17.392-34.146 29.348-77.712 35.872-130.516h165.084l-0.002 255.996h255.968v192h-255.968z"
        ],
        "attrs": [],
        "isMulticolor": false,
        "isMulticolor2": false,
        "tags": [
          "tumblr",
          "brand",
          "social"
        ],
        "defaultCode": 60089,
        "grid": 16
      },
      "attrs": [],
      "properties": {
        "ligatures": "tumblr, brand49",
        "name": "tumblr",
        "order": 29,
        "id": 54,
        "prevSize": 32,
        "code": 60089
      },
      "setIdx": 0,
      "setId": 2,
      "iconIdx": 54
    },
    {
      "icon": {
        "paths": [
          "M568.2 589v0c112.6-197.6 298.6-520 349.6-589-22.4 15-56.8 22.6-88.4 29.8l-47.8-29.8c-38.4 71.6-180 303-270.2 451.2-91.4-151.4-199.6-326.2-270.2-451.2-56 12-79.2 12.6-135 0v0 0c0 0 0 0 0 0v0c110.8 166.8 288.2 484.6 348.6 589v0l-8.2 435 64.8-29.8v-0.8l64.8 30.6-8-435z"
        ],
        "attrs": [],
        "isMulticolor": false,
        "isMulticolor2": false,
        "tags": [
          "yahoo",
          "brand",
          "social"
        ],
        "defaultCode": 60091,
        "grid": 16
      },
      "attrs": [],
      "properties": {
        "ligatures": "yahoo, brand51",
        "name": "yahoo",
        "order": 30,
        "id": 55,
        "prevSize": 32,
        "code": 60091
      },
      "setIdx": 0,
      "setId": 2,
      "iconIdx": 55
    },
    {
      "icon": {
        "paths": [
          "M891.96 514.204c-18.086 0-35.348 3.52-51.064 9.856-10.506-114.358-110.29-204.060-232-204.060-29.786 0-58.682 5.63-84.318 15.164-9.96 3.702-12.578 7.52-12.578 14.916v402.714c0 7.766 6.24 14.234 14.124 14.996 0.336 0.034 363.536 0.21 365.89 0.21 72.904 0 131.986-56.816 131.986-126.894s-59.134-126.902-132.040-126.902zM400 768h32l16-224.22-16-223.78h-32l-16 223.78zM304 768h-32l-16-162.75 16-157.25h32l16 160zM144 768h32l16-128-16-128h-32l-16 128zM16 704h32l16-64-16-64h-32l-16 64z"
        ],
        "attrs": [],
        "isMulticolor": false,
        "isMulticolor2": false,
        "tags": [
          "soundcloud",
          "brand",
          "social"
        ],
        "defaultCode": 60099,
        "grid": 16
      },
      "attrs": [],
      "properties": {
        "ligatures": "soundcloud, brand58",
        "name": "soundcloud",
        "order": 31,
        "id": 56,
        "prevSize": 32,
        "code": 60099
      },
      "setIdx": 0,
      "setId": 2,
      "iconIdx": 56
    },
    {
      "icon": {
        "paths": [
          "M425.6 37.4c-1.6-1-3.4-1.8-5-2.6-1.8 0.4-3.4 0.6-5.2 1l10.2 1.6z",
          "M36.8 421c-0.4 1.8-0.6 3.6-0.8 5.2 1 1.6 1.6 3.2 2.6 4.8l-1.8-10z",
          "M986.8 602.6c0.4-1.8 0.6-3.6 1-5.4-1-1.6-1.6-3.2-2.6-4.8l1.6 10.2z",
          "M592 983c1.6 1 3.4 1.8 5 2.6 1.8-0.4 3.6-0.6 5.4-0.8l-10.4-1.8z",
          "M987.8 597.2c-0.4 1.8-0.6 3.6-1 5.4l-1.8-10.4c1 1.8 1.8 3.4 2.8 5 5.2-28.8 8-58.2 8-87.6 0-65.2-12.8-128.6-38-188.2-24.4-57.6-59.2-109.4-103.6-153.8s-96.2-79.2-153.6-103.6c-59.6-25.2-123-38-188.2-38-30.8 0-61.6 2.8-91.6 8.6 0 0-0.2 0-0.2 0 1.6 0.8 3.4 1.6 5 2.6l-10.2-1.6c1.8-0.4 3.4-0.6 5.2-1-41.2-21.8-87.4-33.6-134.2-33.6-76.4 0-148.4 29.8-202.4 83.8s-83.8 126-83.8 202.4c0 48.6 12.6 96.6 36 138.8 0.4-1.8 0.6-3.6 0.8-5.2l1.8 10.2c-1-1.6-1.8-3.2-2.6-4.8-4.8 27.4-7.2 55.4-7.2 83.4 0 65.2 12.8 128.6 38 188.2 24.4 57.6 59.2 109.2 103.6 153.6s96.2 79.2 153.8 103.6c59.6 25.2 123 38 188.2 38 28.4 0 56.8-2.6 84.6-7.6-1.6-1-3.2-1.8-5-2.6l10.4 1.8c-1.8 0.4-3.6 0.6-5.4 0.8 42.8 24.2 91.4 37.2 140.8 37.2 76.4 0 148.4-29.8 202.4-83.8s83.8-126 83.8-202.4c-0.2-48.6-12.8-96.6-36.4-139.2zM514.2 805.8c-171.8 0-248.6-84.4-248.6-147.8 0-32.4 24-55.2 57-55.2 73.6 0 54.4 105.6 191.6 105.6 70.2 0 109-38.2 109-77.2 0-23.4-11.6-49.4-57.8-60.8l-152.8-38.2c-123-30.8-145.4-97.4-145.4-160 0-129.8 122.2-178.6 237-178.6 105.8 0 230.4 58.4 230.4 136.4 0 33.4-29 52.8-62 52.8-62.8 0-51.2-86.8-177.6-86.8-62.8 0-97.4 28.4-97.4 69s49.6 53.6 92.6 63.4l113.2 25.2c123.8 27.6 155.2 100 155.2 168 0 105.4-81 184.2-244.4 184.2z"
        ],
        "attrs": [],
        "isMulticolor": false,
        "isMulticolor2": false,
        "tags": [
          "skype",
          "brand",
          "social"
        ],
        "defaultCode": 60101,
        "grid": 16
      },
      "attrs": [],
      "properties": {
        "ligatures": "skype, brand60",
        "name": "skype",
        "order": 32,
        "id": 57,
        "prevSize": 32,
        "code": 60101
      },
      "setIdx": 0,
      "setId": 2,
      "iconIdx": 57
    },
    {
      "icon": {
        "paths": [
          "M256 640c0-35.346 28.654-64 64-64s64 28.654 64 64c0 35.346-28.654 64-64 64s-64-28.654-64-64zM640 640c0-35.346 28.654-64 64-64s64 28.654 64 64c0 35.346-28.654 64-64 64s-64-28.654-64-64zM643.112 776.778c16.482-12.986 40.376-10.154 53.364 6.332s10.152 40.378-6.334 53.366c-45.896 36.158-115.822 59.524-178.142 59.524-62.322 0-132.248-23.366-178.144-59.522-16.486-12.99-19.32-36.882-6.332-53.368 12.99-16.482 36.882-19.318 53.366-6.332 26.422 20.818 78.722 43.222 131.11 43.222s104.688-22.404 131.112-43.222zM1024 512c0-70.692-57.308-128-128-128-48.116 0-89.992 26.57-111.852 65.82-65.792-35.994-145.952-59.246-233.28-64.608l76.382-171.526 146.194 42.2c13.152 37.342 48.718 64.114 90.556 64.114 53.020 0 96-42.98 96-96s-42.98-96-96-96c-36.56 0-68.342 20.442-84.554 50.514l-162.906-47.024c-18.224-5.258-37.538 3.722-45.252 21.052l-103.77 233.026c-85.138 5.996-163.262 29.022-227.636 64.236-21.864-39.25-63.766-65.804-111.882-65.804-70.692 0-128 57.308-128 128 0 52.312 31.402 97.254 76.372 117.102-8.070 24.028-12.372 49.104-12.372 74.898 0 176.73 200.576 320 448 320 247.422 0 448-143.27 448-320 0-25.792-4.3-50.862-12.368-74.886 44.97-19.85 76.368-64.802 76.368-117.114zM864 188c19.882 0 36 16.118 36 36s-16.118 36-36 36-36-16.118-36-36 16.118-36 36-36zM64 512c0-35.29 28.71-64 64-64 25.508 0 47.572 15.004 57.846 36.646-33.448 25.366-61.166 54.626-81.666 86.738-23.524-9.47-40.18-32.512-40.18-59.384zM512 948c-205.45 0-372-109.242-372-244s166.55-244 372-244c205.45 0 372 109.242 372 244s-166.55 244-372 244zM919.82 571.384c-20.5-32.112-48.218-61.372-81.666-86.738 10.276-21.642 32.338-36.646 57.846-36.646 35.29 0 64 28.71 64 64 0 26.872-16.656 49.914-40.18 59.384z"
        ],
        "attrs": [],
        "isMulticolor": false,
        "isMulticolor2": false,
        "tags": [
          "reddit",
          "brand",
          "social"
        ],
        "defaultCode": 60102,
        "grid": 16
      },
      "attrs": [],
      "properties": {
        "ligatures": "reddit, brand61",
        "name": "reddit",
        "order": 33,
        "id": 58,
        "prevSize": 32,
        "code": 60102
      },
      "setIdx": 0,
      "setId": 2,
      "iconIdx": 58
    },
    {
      "icon": {
        "paths": [
          "M0 0v1024h1024v-1024h-1024zM544 584v216h-64v-216l-175-328h72.6l134.4 252 134.4-252h72.6l-175 328z"
        ],
        "attrs": [],
        "isMulticolor": false,
        "isMulticolor2": false,
        "tags": [
          "hackernews",
          "brand",
          "ycombinator",
          "yc",
          "social"
        ],
        "defaultCode": 60103,
        "grid": 16
      },
      "attrs": [],
      "properties": {
        "name": "hackernews",
        "ligatures": "hackernews, brand62",
        "order": 34,
        "id": 59,
        "prevSize": 32,
        "code": 60103
      },
      "setIdx": 0,
      "setId": 2,
      "iconIdx": 59
    },
    {
      "icon": {
        "paths": [
          "M966.8 233.6c0 3.2-1 6.2-3 9-2 2.6-4.2 4-6.8 4-20 2-36.4 8.4-49 19.2-12.8 10.8-25.8 31.8-39.2 62.4l-206.4 465.4c-1.4 4.4-5.2 6.4-11.4 6.4-4.8 0-8.6-2.2-11.4-6.4l-115.8-242-133.2 242c-2.8 4.4-6.4 6.4-11.4 6.4-6 0-9.8-2.2-11.8-6.4l-202.6-465.2c-12.6-28.8-26-49-40-60.4s-33.6-18.6-58.6-21.2c-2.2 0-4.2-1.2-6-3.4-2-2.2-2.8-4.8-2.8-7.8 0-7.6 2.2-11.4 6.4-11.4 18 0 37 0.8 56.8 2.4 18.4 1.6 35.6 2.4 51.8 2.4 16.4 0 36-0.8 58.4-2.4 23.4-1.6 44.2-2.4 62.4-2.4 4.4 0 6.4 3.8 6.4 11.4s-1.4 11.2-4 11.2c-18 1.4-32.4 6-42.8 13.8s-15.6 18-15.6 30.8c0 6.4 2.2 14.6 6.4 24.2l167.4 378.4 95.2-179.6-88.6-185.8c-16-33.2-29-54.6-39.2-64.2s-25.8-15.4-46.6-17.6c-2 0-3.6-1.2-5.4-3.4s-2.6-4.8-2.6-7.8c0-7.6 1.8-11.4 5.6-11.4 18 0 34.6 0.8 49.8 2.4 14.6 1.6 30 2.4 46.6 2.4 16.2 0 33.2-0.8 51.4-2.4 18.6-1.6 37-2.4 55-2.4 4.4 0 6.4 3.8 6.4 11.4s-1.2 11.2-4 11.2c-36.2 2.4-54.2 12.8-54.2 30.8 0 8 4.2 20.6 12.6 37.6l58.6 119 58.4-108.8c8-15.4 12.2-28.4 12.2-38.8 0-24.8-18-38-54.2-39.6-3.2 0-4.8-3.8-4.8-11.2 0-2.8 0.8-5.2 2.4-7.6s3.2-3.6 4.8-3.6c13 0 28.8 0.8 47.8 2.4 18 1.6 33 2.4 44.6 2.4 8.4 0 20.6-0.8 36.8-2 20.4-1.8 37.6-2.8 51.4-2.8 3.2 0 4.8 3.2 4.8 9.6 0 8.6-3 13-8.8 13-21 2.2-38 8-50.8 17.4s-28.8 30.8-48 64.4l-78.2 143.2 105.2 214.4 155.4-361.4c5.4-13.2 8-25.4 8-36.4 0-26.4-18-40.4-54.2-42.2-3.2 0-4.8-3.8-4.8-11.2 0-7.6 2.4-11.4 7.2-11.4 13.2 0 28.8 0.8 47 2.4 16.8 1.6 30.8 2.4 42 2.4 12 0 25.6-0.8 41.2-2.4 16.2-1.6 30.8-2.4 43.8-2.4 4 0 6 3.2 6 9.6z"
        ],
        "attrs": [],
        "isMulticolor": false,
        "isMulticolor2": false,
        "tags": [
          "wikipedia",
          "brand"
        ],
        "defaultCode": 60104,
        "grid": 16
      },
      "attrs": [],
      "properties": {
        "name": "wikipedia",
        "ligatures": "wikipedia, brand63",
        "order": 40,
        "id": 60,
        "prevSize": 32,
        "code": 60104
      },
      "setIdx": 0,
      "setId": 2,
      "iconIdx": 60
    },
    {
      "icon": {
        "paths": [
          "M384 384h177.106v90.782h2.532c24.64-44.194 84.958-90.782 174.842-90.782 186.946 0 221.52 116.376 221.52 267.734v308.266h-184.61v-273.278c0-65.184-1.334-149.026-96.028-149.026-96.148 0-110.82 70.986-110.82 144.292v278.012h-184.542v-576z",
          "M64 384h192v576h-192v-576z",
          "M256 224c0 53.019-42.981 96-96 96s-96-42.981-96-96c0-53.019 42.981-96 96-96s96 42.981 96 96z"
        ],
        "attrs": [],
        "isMulticolor": false,
        "isMulticolor2": false,
        "tags": [
          "linkedin",
          "brand",
          "social"
        ],
        "defaultCode": 60106,
        "grid": 16
      },
      "attrs": [],
      "properties": {
        "ligatures": "linkedin2, brand65",
        "name": "linkedin2",
        "order": 39,
        "id": 61,
        "prevSize": 32,
        "code": 60106
      },
      "setIdx": 0,
      "setId": 2,
      "iconIdx": 61
    },
    {
      "icon": {
        "paths": [
          "M451.6 766.2l-37.6-102c0 0-61 68-152.4 68-81 0-138.4-70.4-138.4-183 0-144.2 72.8-195.8 144.2-195.8 103.2 0 136 66.8 164.2 152.4l37.6 117.2c37.6 113.8 108 205.2 310.8 205.2 145.4 0 244-44.6 244-161.8 0-95-54-144.2-154.8-167.8l-75-16.4c-51.6-11.8-66.8-32.8-66.8-68 0-39.8 31.6-63.4 83.2-63.4 56.4 0 86.8 21.2 91.4 71.6l117.2-14c-9.4-105.6-82.2-149-201.8-149-105.6 0-208.8 39.8-208.8 167.8 0 79.8 38.8 130.2 136 153.6l79.8 18.8c59.8 14 79.8 38.8 79.8 72.8 0 43.4-42.2 61-122 61-118.4 0-167.8-62.2-195.8-147.8l-38.8-117.2c-49-152.6-127.6-208.8-283.6-208.8-172.4 0-264 109-264 294.4 0 178.2 91.4 274.4 255.8 274.4 132.4 0 195.8-62.2 195.8-62.2v0z"
        ],
        "attrs": [],
        "isMulticolor": false,
        "isMulticolor2": false,
        "tags": [
          "lastfm",
          "brand",
          "social"
        ],
        "defaultCode": 60107,
        "grid": 16
      },
      "attrs": [],
      "properties": {
        "ligatures": "lastfm, brand66",
        "name": "lastfm",
        "order": 37,
        "id": 62,
        "prevSize": 32,
        "code": 60107
      },
      "setIdx": 0,
      "setId": 2,
      "iconIdx": 62
    },
    {
      "icon": {
        "paths": [
          "M0 0v1024h1024v-1024h-1024zM512 960v-448h-448v-448h448v448h448v448h-448z"
        ],
        "attrs": [],
        "isMulticolor": false,
        "isMulticolor2": false,
        "tags": [
          "delicious",
          "brand",
          "social"
        ],
        "defaultCode": 60109,
        "grid": 16
      },
      "attrs": [],
      "properties": {
        "ligatures": "delicious, brand68",
        "name": "delicious",
        "order": 38,
        "id": 63,
        "prevSize": 32,
        "code": 60109
      },
      "setIdx": 0,
      "setId": 2,
      "iconIdx": 63
    },
    {
      "icon": {
        "paths": [
          "M512 320c-35.2 0-64 28.8-64 64v256c0 105.8-86.2 192-192 192s-192-86.2-192-192v-128h128v128c0 35.2 28.8 64 64 64s64-28.8 64-64v-256c0-105.8 86.2-192 192-192s192 86.2 192 178v62l-82 24-46-24v-62c0-21.2-28.8-50-64-50z",
          "M960 640c0 105.8-86.2 192-192 192s-192-86.2-192-206v-124l46 24 82-24v124c0 49.2 28.8 78 64 78s64-28.8 64-64v-128h128v128z"
        ],
        "attrs": [],
        "isMulticolor": false,
        "isMulticolor2": false,
        "tags": [
          "stumbleupon",
          "brand",
          "social"
        ],
        "defaultCode": 60110,
        "grid": 16
      },
      "attrs": [],
      "properties": {
        "name": "stumbleupon",
        "ligatures": "stumbleupon, brand69",
        "order": 36,
        "id": 64,
        "prevSize": 32,
        "code": 60110
      },
      "setIdx": 0,
      "setId": 2,
      "iconIdx": 64
    },
    {
      "icon": {
        "paths": [
          "M1024 640v384h-1024v-384h128v256h768v-256zM192 704h640v128h-640zM207.152 565.466l27.698-124.964 624.832 138.496-27.698 124.964zM279.658 308.558l54.092-116.006 580.032 270.464-54.092 116.006zM991.722 361.476l-77.922 101.55-507.746-389.608 56.336-73.418h58.244z"
        ],
        "attrs": [],
        "isMulticolor": false,
        "isMulticolor2": false,
        "tags": [
          "stackoverflow",
          "brand",
          "social"
        ],
        "defaultCode": 60112,
        "grid": 16
      },
      "attrs": [],
      "properties": {
        "ligatures": "stackoverflow, brand71",
        "name": "stackoverflow",
        "order": 58,
        "id": 65,
        "prevSize": 32,
        "code": 60112
      },
      "setIdx": 0,
      "setId": 2,
      "iconIdx": 65
    },
    {
      "icon": {
        "paths": [
          "M512 0c-282.4 0-512 229.6-512 512s229.6 512 512 512 512-229.6 512-512-229.6-512-512-512zM512 955.6c-45.8 0-89.8-7-131.4-19.8 18-29.4 45.2-77.8 55.2-116.2 5.4-20.8 27.6-105.4 27.6-105.4 14.4 27.6 56.8 51 101.6 51 133.8 0 230.2-123 230.2-276 0-146.6-119.6-256.2-273.4-256.2-191.4 0-293 128.6-293 268.4 0 65 34.6 146 90 171.8 8.4 4 12.8 2.2 14.8-6 1.4-6.2 9-36.2 12.4-50.4 1-4.4 0.6-8.4-3-12.8-18.4-22.2-33-63.2-33-101.2 0-97.8 74-192.6 200.2-192.6 109 0 185.2 74.2 185.2 180.4 0 120-60.6 203.2-139.4 203.2-43.6 0-76.2-36-65.6-80.2 12.6-52.8 36.8-109.6 36.8-147.6 0-34-18.2-62.4-56.2-62.4-44.6 0-80.2 46-80.2 107.8 0 39.2 13.2 65.8 13.2 65.8s-44 185.8-52 220.4c-9 38.4-5.4 92.2-1.6 127.2-165-64.4-282-224.8-282-412.8 0-245 198.6-443.6 443.6-443.6s443.6 198.6 443.6 443.6c0 245-198.6 443.6-443.6 443.6z"
        ],
        "attrs": [],
        "isMulticolor": false,
        "isMulticolor2": false,
        "tags": [
          "pinterest",
          "brand",
          "social"
        ],
        "defaultCode": 60114,
        "grid": 16
      },
      "attrs": [],
      "properties": {
        "ligatures": "pinterest2, brand73",
        "name": "pinterest2",
        "order": 59,
        "id": 66,
        "prevSize": 32,
        "code": 60114
      },
      "setIdx": 0,
      "setId": 2,
      "iconIdx": 66
    },
    {
      "icon": {
        "paths": [
          "M155.6 202.2c-8.8 0-16.4 3.2-20.2 9.2-3.8 6.4-3.2 14.4 0.8 22.6l99.8 172.8c0.2 0.4 0.2 0.6 0 0.8l-156.8 277.2c-4 8.2-3.8 16.4 0 22.6 3.8 6 10.4 10 19.2 10h147.6c22 0 32.8-15 40.2-28.6 0 0 153.4-271.4 159.4-282-0.6-1-101.6-177-101.6-177-7.4-13-18.4-27.6-41.2-27.6h-147.2z",
          "M776 0c-22 0-31.6 13.8-39.6 28.2 0 0-318.2 564.2-328.6 582.8 0.6 1 209.8 385 209.8 385 7.4 13 18.6 28.2 41.2 28.2h147.6c8.8 0 15.8-3.4 19.6-9.4 4-6.4 3.8-14.6-0.4-22.8l-208-380.6c-0.2-0.4-0.2-0.6 0-1l327-578.2c4-8.2 4.2-16.4 0.4-22.8-3.8-6-10.8-9.4-19.6-9.4h-149.4z"
        ],
        "attrs": [],
        "isMulticolor": false,
        "isMulticolor2": false,
        "tags": [
          "xing",
          "brand",
          "social"
        ],
        "defaultCode": 60116,
        "grid": 16
      },
      "attrs": [],
      "properties": {
        "ligatures": "xing2, brand75",
        "name": "xing2",
        "codes": [
          61231
        ],
        "order": 41,
        "id": 67,
        "prevSize": 32,
        "code": 60116
      },
      "setIdx": 0,
      "setId": 2,
      "iconIdx": 67
    },
    {
      "icon": {
        "paths": [
          "M367.562 0c-243.358 0-367.562 140.162-367.562 401.856v0 549.034l238.39-238.628v-278.896c0-108.416 28.73-177.406 125.118-192.894v0c33.672-6.584 103.75-4.278 148.306-4.278v0 165.596c0 1.51 0.208 4.206 0.594 5.586v0c1.87 6.704 7.93 11.616 15.116 11.63v0c4.062 0.008 7.868-2.104 11.79-5.97v0l413.122-412.974-584.874-0.062zM785.61 311.746v278.89c0 108.414-28.736 177.414-125.116 192.894v0c-33.672 6.582-103.756 4.278-148.312 4.278v0-165.594c0-1.5-0.206-4.204-0.594-5.582v0c-1.864-6.712-7.922-11.622-15.112-11.63v0c-4.064-0.008-7.866 2.112-11.79 5.966v0l-413.124 412.966 584.874 0.066c243.354 0 367.564-140.168 367.564-401.852v0-549.028l-238.39 238.626z"
        ],
        "attrs": [],
        "isMulticolor": false,
        "isMulticolor2": false,
        "tags": [
          "flattr",
          "brand",
          "donate",
          "social"
        ],
        "defaultCode": 60117,
        "grid": 16
      },
      "attrs": [],
      "properties": {
        "ligatures": "flattr, brand76",
        "name": "flattr",
        "order": 67,
        "id": 68,
        "prevSize": 32,
        "code": 60117
      },
      "setIdx": 0,
      "setId": 2,
      "iconIdx": 68
    },
    {
      "icon": {
        "paths": [
          "M851.564 90.090c-12.060-16.404-31.204-26.090-51.564-26.090h-608c-35.346 0-64 28.654-64 64v768c0 25.884 15.592 49.222 39.508 59.128 7.918 3.28 16.234 4.874 24.478 4.874 16.656 0 33.026-6.504 45.268-18.748l237.256-237.254h165.49c27.992 0 52.736-18.192 61.086-44.91l160-512c6.074-19.432 2.538-40.596-9.522-57zM672.948 320h-224.948c-35.346 0-64 28.654-64 64s28.654 64 64 64h184.948l-40 128h-144.948c-16.974 0-33.252 6.742-45.254 18.746l-146.746 146.744v-549.49h456.948l-40 128z"
        ],
        "attrs": [],
        "isMulticolor": false,
        "isMulticolor2": false,
        "tags": [
          "foursquare",
          "brand",
          "social"
        ],
        "defaultCode": 60118,
        "grid": 16
      },
      "attrs": [],
      "properties": {
        "ligatures": "foursquare, brand77",
        "name": "foursquare",
        "order": 43,
        "id": 69,
        "prevSize": 32,
        "code": 60118
      },
      "setIdx": 0,
      "setId": 2,
      "iconIdx": 69
    },
    {
      "icon": {
        "paths": [
          "M608.876 653.468c-17.282 17.426-2.668 49.128-2.668 49.128l130.090 217.218c0 0 21.36 28.64 39.864 28.64 18.59 0 36.954-15.27 36.954-15.27l102.844-147.008c0 0 10.36-18.546 10.598-34.792 0.372-23.106-34.454-29.434-34.454-29.434l-243.488-78.192c-0.002 0.004-23.858-6.328-39.74 9.71zM596.532 543.984c12.46 21.128 46.828 14.972 46.828 14.972l242.938-71.006c0 0 33.106-13.466 37.832-31.418 4.64-17.954-5.46-39.622-5.46-39.622l-116.098-136.752c0 0-10.062-17.292-30.938-19.032-23.016-1.958-37.18 25.898-37.18 25.898l-137.27 216.010c0 0.004-12.134 21.516-0.652 40.95zM481.754 459.768c28.608-7.044 33.148-48.604 33.148-48.604l-1.944-345.87c0 0-4.314-42.666-23.486-54.232-30.070-18.242-38.982-8.718-47.596-7.444l-201.696 74.944c0 0-19.754 6.536-30.042 23.018-14.69 23.352 14.928 57.544 14.928 57.544l209.644 285.756c0 0 20.69 21.396 47.044 14.888zM431.944 599.738c0.722-26.676-32.030-42.7-32.030-42.7l-216.796-109.524c0 0-32.126-13.246-47.722-4.016-11.95 7.060-22.536 19.84-23.572 31.134l-14.12 173.812c0 0-2.116 30.114 5.69 43.82 11.054 19.442 47.428 5.902 47.428 5.902l253.096-55.942c9.832-6.61 27.074-7.204 28.026-42.486zM494.88 693.542c-21.726-11.156-47.724 11.95-47.724 11.95l-169.468 186.566c0 0-21.144 28.528-15.768 46.050 5.066 16.418 13.454 24.578 25.318 30.328l170.192 53.726c0 0 20.634 4.286 36.258-0.242 22.18-6.43 18.094-41.152 18.094-41.152l3.848-252.602c-0.002 0.002-0.868-24.334-20.75-34.624z"
        ],
        "attrs": [],
        "isMulticolor": false,
        "isMulticolor2": false,
        "tags": [
          "yelp",
          "brand",
          "social"
        ],
        "defaultCode": 60119,
        "grid": 16
      },
      "attrs": [],
      "properties": {
        "ligatures": "yelp, brand78",
        "name": "yelp",
        "order": 44,
        "id": 70,
        "prevSize": 32,
        "code": 60119
      },
      "setIdx": 0,
      "setId": 2,
      "iconIdx": 70
    },
    {
      "icon": {
        "paths": [
          "M930 308.6c-47.8 212.2-195.4 324.2-428 324.2h-77.4l-53.8 341.6h-64.8l-3.4 22c-2.2 14.6 9 27.6 23.6 27.6h165.6c19.6 0 36.2-14.2 39.4-33.6l1.6-8.4 31.2-197.8 2-10.8c3-19.4 19.8-33.6 39.4-33.6h24.6c160.4 0 286-65.2 322.8-253.6 13.8-71.6 8.6-132.4-22.8-177.6z",
          "M831 77.2c-47.4-54-133.2-77.2-242.8-77.2h-318.2c-22.4 0-41.6 16.2-45 38.4l-132.6 840.4c-2.6 16.6 10.2 31.6 27 31.6h196.6l49.4-313-1.6 9.8c3.4-22.2 22.4-38.4 44.8-38.4h93.4c183.4 0 327-74.4 369-290 1.2-6.4 2.4-12.6 3.2-18.6 12.4-79.6 0-134-43.2-183z"
        ],
        "attrs": [],
        "isMulticolor": false,
        "isMulticolor2": false,
        "tags": [
          "paypal",
          "brand",
          "donate"
        ],
        "defaultCode": 60120,
        "grid": 16
      },
      "attrs": [],
      "properties": {
        "ligatures": "paypal, brand79",
        "name": "paypal",
        "codes": [
          61234
        ],
        "order": 42,
        "id": 71,
        "prevSize": 32,
        "code": 60120
      },
      "setIdx": 0,
      "setId": 2,
      "iconIdx": 71
    },
    {
      "icon": {
        "paths": [
          "M853.31 0h-682.62c-93.88 0-170.69 76.784-170.69 170.658v682.656c0 93.876 76.81 170.686 170.69 170.686h682.622c93.938 0 170.688-76.81 170.688-170.686v-682.656c0-93.874-76.75-170.658-170.69-170.658zM256 256h512c9.138 0 18.004 1.962 26.144 5.662l-282.144 329.168-282.144-329.17c8.14-3.696 17.006-5.66 26.144-5.66zM192 704v-384c0-1.34 0.056-2.672 0.14-4l187.664 218.94-185.598 185.6c-1.444-5.338-2.206-10.886-2.206-16.54zM768 768h-512c-5.654 0-11.202-0.762-16.54-2.206l182.118-182.118 90.422 105.496 90.424-105.494 182.116 182.118c-5.34 1.442-10.886 2.204-16.54 2.204zM832 704c0 5.654-0.762 11.2-2.206 16.54l-185.598-185.598 187.664-218.942c0.084 1.328 0.14 2.66 0.14 4v384z"
        ],
        "tags": [
          "mail",
          "contact",
          "support",
          "newsletter",
          "letter",
          "email",
          "envelop",
          "social"
        ],
        "defaultCode": 60035,
        "grid": 16,
        "attrs": []
      },
      "attrs": [],
      "properties": {
        "ligatures": "mail2, contact2",
        "name": "mail",
        "order": 8,
        "id": 388,
        "prevSize": 32,
        "code": 60035
      },
      "setIdx": 1,
      "setId": 1,
      "iconIdx": 387
    },
    {
      "icon": {
        "paths": [
          "M928 0h-832c-52.8 0-96 43.2-96 96v832c0 52.8 43.2 96 96 96h832c52.8 0 96-43.2 96-96v-832c0-52.8-43.2-96-96-96zM279 831.2c-48 0-87-38.6-87-86.6 0-47.6 39-86.8 87-86.8 48.2 0 87 39.2 87 86.8 0 48-39 86.6-87 86.6zM497.4 832c0-81.8-31.8-158.8-89.4-216.4-57.8-57.8-134.4-89.6-216-89.6v-125.2c237.6 0 431.2 193.4 431.2 431.2h-125.8zM719.6 832c0-291-236.6-528-527.4-528v-125.2c360 0 653 293.2 653 653.2h-125.6z"
        ],
        "tags": [
          "feed",
          "rss",
          "social"
        ],
        "defaultCode": 60060,
        "grid": 16,
        "attrs": []
      },
      "attrs": [],
      "properties": {
        "ligatures": "feed3, rss2",
        "name": "rss2",
        "order": 7,
        "id": 413,
        "prevSize": 32,
        "code": 60060
      },
      "setIdx": 1,
      "setId": 1,
      "iconIdx": 412
    }
  ],
  "height": 1024,
  "metadata": {
    "name": "icomoon"
  },
  "preferences": {
    "showGlyphs": true,
    "showQuickUse": true,
    "showQuickUse2": true,
    "showSVGs": true,
    "fontPref": {
      "prefix": "icon-",
      "metadata": {
        "fontFamily": "icomoon"
      },
      "metrics": {
        "emSize": 1024,
        "baseline": 6.25,
        "whitespace": 50
      },
      "embed": false
    },
    "imagePref": {
      "prefix": "icon-",
      "png": true,
      "useClassSelector": true,
      "color": 0,
      "bgColor": 16777215,
      "classSelector": ".icon"
    },
    "historySize": 100,
    "showCodes": true,
    "gridSize": 16
  }
}